sep=,
Depth,Clay,Quartz,Carbonates,GammaRay,NeutronPorosity,Resistivity,Density,GR_Dens,Porosity,Sonic,TOC,AvgPorosity,Photoelectric,RHOMAA,UMA,PEF_Dens,Well
3969.75,6.249975725,37.37639534,56.37362894,78.64355275,0.010161491,1170.551553,2.642048153,29.7661315,0.010814413,58.44438645,3.899054977,0.010487952,3.24795868,2.659452409,8.666917465,1.229333643,Cerro Gordo
3970.8,7.630743061,45.04738551,47.32187143,78.48031723,0.008292047,1167.594647,2.645179381,29.6691853,0.008928128,57.96311832,3.874733461,0.008610088,3.412303889,2.659467542,9.100204405,1.290008501,Cerro Gordo
3971.6,3.498312653,73.71942717,22.78226017,80.59912027,0.007462933,1021.7352,2.645330436,30.46845081,0.008837195,57.92418579,3.741525572,0.008150064,3.609309519,2.658850171,9.622162535,1.364407815,Cerro Gordo
3972.1,11.43349625,65.50826281,23.05824094,78.56936998,0.00548343,1051.229209,2.648002533,29.67118385,0.007227443,58.08008729,3.776627798,0.006355437,3.875707993,2.6585433,10.32532884,1.463634549,Cerro Gordo
3972.5,9.537947211,41.14560354,49.31644925,69.5975,0.004168063,1083.491644,2.650692027,26.2563509,0.005607207,58.41702534,3.82168687,0.004887635,3.718010197,2.658799634,9.901249863,1.402656423,Cerro Gordo
3972.91,9.456302306,43.10154673,47.44215096,63.570375,0.002773647,1095.917403,2.652947783,23.96216594,0.00424837,58.86657603,3.853311447,0.003511009,3.233708705,2.658771745,8.607325231,1.218911554,Cerro Gordo
3974.06,4.323494875,22.85682045,72.81968468,65.15904337,0.00684064,1175.629873,2.657112256,24.52250304,0.0017396,59.78680434,3.964212873,0.00429012,2.857082072,2.664252097,7.622142634,1.075258324,Cerro Gordo
3974.1,8.318563154,20.67190472,71.00953212,65.15904337,0.00684064,1175.629873,2.657112256,24.52250304,0.0017396,59.78680434,3.964212873,0.00429012,2.857082072,2.664252097,7.622142634,1.075258324,Cerro Gordo
3974.3,3.777298686,77.38121219,18.84148912,66.67648603,0.009960744,1006.251169,2.65572974,25.10665337,0.002572489,60.09719286,3.825053024,0.006266617,2.917849061,2.666170995,7.794731818,1.098699546,Cerro Gordo
3977.3,13.94456195,45.85637315,40.19906489,76.07630275,0.010762584,511.0767259,2.653911811,28.66572372,0.003667654,58.70803544,3.094735781,0.007215119,3.232365127,2.665931706,8.637122292,1.217962524,Cerro Gordo
3977.79,2.341119022,65.32180005,32.33708092,73.28330748,0.007683538,514.9158026,2.656863374,27.58264057,0.001889529,58.64038561,3.099038007,0.004786534,3.691056614,2.664832149,9.851393892,1.389253452,Cerro Gordo
3977.8,3.404608756,52.34456944,44.2508218,73.28330748,0.007683538,514.9158026,2.656863374,27.58264057,0.001889529,58.64038561,3.099038007,0.004786534,3.691056614,2.664832149,9.851393892,1.389253452,Cerro Gordo
4057.54,2.244550568,79.67524328,18.08020615,77.918125,0.062545914,178.3309499,2.497249911,31.20157284,0.098042224,69.82559191,2.561953195,0.080294069,2.884233111,2.627965918,7.787819565,1.154963746,Cerro Gordo
4058.5,2.329983187,83.45035958,14.21965723,94.65799498,0.05807034,190.7496435,2.5184893,37.58522817,0.085247429,68.91107949,2.586781257,0.071658884,2.754573919,2.635701871,7.434266761,1.093740569,Cerro Gordo
4059.1,0.809222195,79.29517104,19.89560677,110.3951972,0.057457104,221.2248514,2.529519814,43.64274857,0.078602538,68.77189391,2.726462295,0.068029821,2.944045682,2.641168193,7.954124655,1.16387532,Cerro Gordo
4060.8,1.192413878,76.70505999,22.10252613,140.2440773,0.052629996,422.1596215,2.565518133,54.66501113,0.056916845,70.56370666,3.444249987,0.054773421,3.164008319,2.656235835,8.558724628,1.233282384,Cerro Gordo
4061.2,4.47501021,70.94159494,24.58339485,177.4650148,0.067276384,286.0475869,2.564360995,69.20438078,0.057613944,70.5965371,3.062352983,0.062445164,3.24516737,2.668554131,8.842744684,1.265487728,Cerro Gordo
4061.9,0.953442508,72.79221061,26.25434688,242.7598273,0.086500211,167.2840716,2.560290997,94.81727959,0.060065684,70.00001327,2.506876583,0.073282948,3.380988567,2.683675716,9.30129978,1.320548551,Cerro Gordo
4062.8,5.212048627,58.60353384,36.18441753,422.492563,0.087108451,130.4417323,2.562288652,164.8887461,0.058862313,67.27956692,2.13844012,0.072985382,4.601925991,2.685290201,12.68045813,1.796021689,Cerro Gordo
4063.7,3.313208377,81.079263,15.60752862,384.3334971,0.059188934,195.927666,2.572503473,149.4005747,0.052708842,64.24691219,2.40159212,0.055948888,4.007931818,2.665697389,10.89182985,1.557988885,Cerro Gordo
4064.8,3.562499249,57.73856826,38.69893249,182.5685,0.0230395,299.7984514,2.5822004,70.70268442,0.046867279,62.6072676,2.74620036,0.03495339,2.653990765,2.639506718,7.083242663,1.027802011,Cerro Gordo
4065.5,63.73207433,27.79533787,8.472587801,165.7375722,0.014693073,543.8694063,2.592114071,63.93915071,0.040895204,62.33030567,3.320301057,0.027794138,2.667730686,2.637630603,7.09846078,1.029171793,Cerro Gordo
4066.7,10.71795907,88.20662304,1.075417883,169.4018273,0.022782189,720.5141144,2.596592476,65.24005167,0.038197399,62.42088263,3.601446908,0.030489794,3.16593866,2.646803165,8.463456656,1.21926667,Cerro Gordo
4067.6,3.347709897,65.32946672,31.32282338,155.177005,0.019582126,753.4604223,2.596411134,59.7659604,0.038306564,62.4675957,3.647606326,0.028944345,3.520864274,2.643995507,9.399192502,1.356050368,Cerro Gordo
4069.1,4.130027259,32.36672005,63.50325269,107.5858703,0.018980613,658.974866,2.590725578,41.52731234,0.041731638,62.2325699,3.504964793,0.030356125,2.880076198,2.640525578,7.679426648,1.111687097,Cerro Gordo
4070,5.35414668,67.47055675,27.17529657,92.8693125,0.015146552,666.9206718,2.588423636,35.87871445,0.043118279,62.03134283,3.507642483,0.029132415,2.46863106,2.636086795,6.566597625,0.953719873,Cerro Gordo
4071.1,5.765943604,82.43986878,11.79418761,111.0931347,0.012958689,729.0511019,2.587871077,42.92838842,0.043451151,62.09058075,3.598066293,0.02820492,2.832619857,2.633956694,7.528698888,1.094575337,Cerro Gordo
4071.5,2.152143556,59.76229804,38.0855584,126.7312023,0.017513132,712.8817523,2.587106533,48.98569141,0.043911719,62.57262257,3.59783994,0.030712425,3.113830357,2.637394901,8.295221001,1.203595723,Cerro Gordo
4072.7,7.483060577,75.4998366,17.01710282,129.9443078,0.020340915,707.1386432,2.585502908,50.25881323,0.044877851,65.97002574,3.743981523,0.032609383,2.88100502,2.638947991,7.683082756,1.114291928,Cerro Gordo
4073.12,1.991990391,87.09617549,10.91183412,129.9443078,0.020340915,707.1386432,2.585502908,50.25881323,0.044877851,65.97002574,3.743981523,0.032609383,2.88100502,2.638947991,7.683082756,1.114291928,Cerro Gordo
4073.2,2.652723956,74.05076637,23.29650968,131.1049852,0.019565383,724.2712003,2.584174607,50.73379518,0.045677965,67.18915106,3.822862718,0.032621674,2.936662869,2.637595721,7.827897913,1.136402649,Cerro Gordo
4075.1,0.818078468,87.9968765,11.18504503,131.3529328,0.050503471,712.7592396,2.5731047,51.0484213,0.052346612,68.06371296,3.846751418,0.051425042,2.827400784,2.658387338,7.642501694,1.098828502,Cerro Gordo
4075.3,4.015407015,82.65654911,13.32804388,123.5145047,0.053191812,736.9647787,2.568584957,48.08659506,0.055069391,68.01164256,3.877285373,0.054130602,2.800014639,2.65835258,7.575052322,1.090100069,Cerro Gordo
4086.5,0.773791162,96.68801598,2.538192858,108.9080672,0.052064372,101.5793726,2.542573442,42.83379407,0.070738974,63.04627425,1.70007943,0.061401673,3.851824172,2.643486247,10.40151546,1.514931332,Cerro Gordo
4088.1,3.446008552,69.56165033,26.99234112,121.560505,0.023536245,1120.083031,2.585275501,47.02032915,0.045014843,62.23176095,4.027442597,0.034275544,3.066455821,2.641540184,8.191255061,1.186123421,Cerro Gordo
4089.4,0.510771743,98.3584666,1.130761653,126.0739425,0.033435086,828.6831893,2.589439622,48.68773207,0.042506319,61.78015738,3.710157429,0.037970703,3.126577029,2.652173822,8.395895123,1.207433841,Cerro Gordo
4090.1,7.988037222,43.28854593,48.72341685,124.6135097,0.026859744,863.2566742,2.592684136,48.06351379,0.040551806,61.65340701,3.744668966,0.033705775,3.319762942,2.64823932,8.88988427,1.28043478,Cerro Gordo
4092.2,1.892168756,24.07979093,74.02804032,101.08362,0.024929428,2134.46274,2.610585555,38.72066931,0.029767738,61.99679448,4.651923966,0.027348583,3.6401255,2.655871289,9.755997464,1.394371271,Cerro Gordo
4093.2,7.025733269,30.46476037,62.50950636,96.601,0.023784209,1555.460135,2.603138577,37.1094343,0.034253947,62.99169658,4.385356694,0.029019078,3.110019679,2.651050542,8.322823324,1.194719216,Cerro Gordo
4093.8,0.93916814,77.90828273,21.15254913,93.93124025,0.036824375,1184.266531,2.596952134,36.16980036,0.037980724,63.56846255,4.142961792,0.037402549,3.172310972,2.659003079,8.539019577,1.221551576,Cerro Gordo
4094.7,2.122962377,39.97901312,57.8980245,91.60369223,0.05265614,878.0398369,2.58772446,35.39932232,0.043539555,64.64842355,3.897250607,0.048097848,3.397375893,2.667949228,9.210425412,1.312881624,Cerro Gordo
4095.3,1.084191888,95.63600482,3.279803294,94.94130777,0.052940503,816.5069005,2.584768501,36.73106807,0.045320291,65.32680144,3.856456062,0.049130397,3.433716842,2.666651764,9.308109029,1.328442698,Cerro Gordo
4096.2,2.414274478,63.95085025,33.63487527,108.11612,0.052441799,926.5601446,2.585288622,41.8197485,0.045006925,66.94855804,4.054567483,0.048724362,3.559360285,2.666487145,9.647688956,1.376774823,Cerro Gordo
4192.13,6.414764751,16.61408967,76.97114558,255.155125,0.024946451,478.4510849,2.658224514,95.98704836,0.001069569,59.22736647,3.053316575,0.01300801,5.233176104,2.680078998,14.08770602,1.96867348,Cerro Gordo
4192.3,6.026898407,56.37310826,37.59999333,200.976,0.021425261,409.6857839,2.653714577,75.73384181,0.003786436,59.66310799,2.920246652,0.012605849,4.914970693,2.674827195,13.20306225,1.852109769,Cerro Gordo
4192.7,20.87903415,33.52837601,45.59258984,173.154875,0.020456434,358.3178169,2.6486649,65.37439863,0.006828393,60.13837326,2.809844432,0.013642413,4.655151044,2.671467754,12.49355622,1.757546243,Cerro Gordo
4194.08,1.889197243,13.07441725,85.03638551,164.458,0.034890924,302.2566629,2.638239519,62.33626584,0.013108778,61.15860165,2.688531798,0.023999851,4.136028593,2.67852384,11.16786116,1.567722932,Cerro Gordo
4194.11,13.01983813,14.97475749,72.00540438,164.458,0.034890924,302.2566629,2.638239519,62.33626584,0.013108778,61.15860165,2.688531798,0.023999851,4.136028593,2.67852384,11.16786116,1.567722932,Cerro Gordo
4195,1.706097776,14.94845911,83.34544311,131.610375,0.024978444,266.5872361,2.627935281,50.08128471,0.01931616,61.88513971,2.597796581,0.022147302,4.037008857,2.664806247,10.83795583,1.536190364,Cerro Gordo
4196,1.68953516,14.41104561,83.89941923,197.537625,0.050143659,213.7484622,2.618737095,75.43240036,0.024857188,61.76765765,2.374879446,0.037500424,3.818344669,2.681805514,10.36934546,1.458086295,Cerro Gordo
4197.8,6.649472776,52.21960957,41.13091765,123.527125,0.01829445,102.3615401,2.610782001,47.31422422,0.029649378,59.91951887,1.56580254,0.023971914,5.004250501,2.650343904,13.37361226,1.916763061,Cerro Gordo
4199.85,1.721544386,14.66330083,83.61515479,180.867125,0.021116648,437.1235973,2.653056649,68.17311084,0.00418276,58.69750914,2.940299106,0.012649704,4.483218967,2.674235229,12.04021418,1.689831602,Cerro Gordo
4200.92,1.206263927,1.701547347,97.09218873,223.06775,0.015909918,771.8869372,2.673649909,83.43192175,0,57.80449936,3.459884045,0.007954959,4.078707145,2.687070486,10.98847034,1.525520275,Cerro Gordo
4201.9,1.173470512,11.79109622,87.03543327,208.849,0.010345744,690.9589533,2.683017346,77.84109196,0,57.50531419,3.337216252,0.005172872,4.684698613,2.691768649,12.63188432,1.746056029,Cerro Gordo
7783,28.71156178,34.13424446,37.15419376,231.4040279,0.198003496,25.4489994,2.604817564,88.83694242,0.028571,70.54000092,1.813482,0.113287248,5.180311108,2.809850552,15.15386094,1.98874239,Selva-1
7783.8,21.90698709,24.41032488,53.68268803,218.0844486,0.175003233,58.83200073,2.57779468,84.60117101,0.041471,68.06900024,2.955024,0.108237117,5.291789465,2.769298442,15.23614452,2.052835901,Selva-1
7784.25,13.31949301,38.61451049,48.0659965,218.0844486,0.175003233,58.83200073,2.57779468,84.60117101,0.041471,68.06900024,2.955024,0.108237117,5.291789465,2.769298442,15.23614452,2.052835901,Selva-1
7785,10.21021021,38.27756328,51.51222651,202.168568,0.157003151,176.1309967,2.570432654,78.65157164,0.032702,67.72799683,4.550958,0.094852575,5.145940663,2.735002069,14.56101765,2.001974514,Selva-1
7785.24,18.65096831,38.63336268,42.71566901,202.168568,0.157003151,176.1309967,2.570432654,78.65157164,0.032702,67.72799683,4.550958,0.094852575,5.145940663,2.735002069,14.56101765,2.001974514,Selva-1
7786.7,18.27548807,29.42516269,52.29934924,178.7869828,0.16199519,304.4169922,2.560264083,69.83146151,0.031506,68.18800354,5.313843,0.096750595,4.578062606,2.727390103,12.92297996,1.788121248,Selva-1
7788,9.613945033,53.25633622,37.12971875,154.8425697,0.159003491,294.42099,2.562959657,60.41553145,0.029022,68.47399902,5.359028,0.094012746,4.607985814,2.725145303,12.98370955,1.79791586,Selva-1
7788.01,16.97493707,40.01313341,43.01192952,154.8425697,0.159003491,294.42099,2.562959657,60.41553145,0.029022,68.47399902,5.359028,0.094012746,4.607985814,2.725145303,12.98370955,1.79791586,Selva-1
7788.2,20.31284424,39.11654549,40.57061027,154.8425697,0.159003491,294.42099,2.562959657,60.41553145,0.029022,68.47399902,5.359028,0.094012746,4.607985814,2.725145303,12.98370955,1.79791586,Selva-1
7789.5,20.95789474,37.6,41.44210526,149.3618754,0.162003237,239.3800049,2.56367195,58.26091572,0.030932,69.08799744,5.31745,0.096467618,4.672012877,2.730620819,13.20292974,1.822391073,Selva-1
7790.1,11.40219025,43.68692291,44.91088684,153.6505478,0.167999473,346.3450012,2.562439042,59.9626158,0.027032,69.24099731,5.601404,0.097515737,4.602876878,2.731264583,13.01500096,1.796287366,Selva-1
7791,7.786357786,56.02745603,36.18618619,162.1342536,0.166984909,322.8770142,2.5569456,63.40934811,0.03578,67.98799896,5.41417,0.101382455,3.901992701,2.732600936,11.04640332,1.526036652,Selva-1
7791.4,11.90732759,41.81034483,46.28232759,162.1342536,0.166984909,322.8770142,2.5569456,63.40934811,0.03578,67.98799896,5.091612,0.101382455,3.901992701,2.732600936,11.04640332,1.526036652,Selva-1
7792.3,20.01323919,28.49735216,51.48940865,167.9677279,0.150002411,287.2990112,2.560595854,65.59712561,0.039165,65.08399963,5.831739,0.094583706,4.19403585,2.723622453,11.80886519,1.63791402,Selva-1
7793,10.37005164,46.67598967,42.95395869,125.732789,0.135013992,595.3920288,2.564793932,49.02256957,0.026409,64.08699799,6.197354,0.080711496,4.60570274,2.702179376,12.80590657,1.795739877,Selva-1
7794.2,17.97174461,32.73464024,49.29361516,125.0130751,0.151019411,459.2120056,2.567900313,48.68299385,0.026173,66.12400055,5.850186,0.088596205,4.442663267,2.720313567,12.46869758,1.73007622,Selva-1
7794.9,21.67050312,29.25572728,49.07376959,153.8727382,0.185992655,90.02799988,2.56653277,59.95354511,0.050212,67.60399628,3.440137,0.118102328,3.940096121,2.776320336,11.39966116,1.535182472,Selva-1
7795,16.40783978,43.19374531,40.39841491,153.8727382,0.185992655,90.02799988,2.56653277,59.95354511,0.050212,67.60399628,3.440137,0.118102328,3.940096121,2.776320336,11.39966116,1.535182472,Selva-1
7795.1,25.29372645,27.3664376,47.33983596,153.8727382,0.185992655,90.02799988,2.56653277,59.95354511,0.050212,67.60399628,3.440137,0.118102328,3.940096121,2.776320336,11.39966116,1.535182472,Selva-1
7796.1,7.472550901,42.01044665,50.51700245,133.6164829,0.173987926,132.5610046,2.546280182,52.47516899,0.060211,66.83799744,4.010651,0.117099463,4.022289484,2.751363962,11.53394504,1.579672776,Selva-1
7796.5,9.523809524,28.88315597,61.5930345,133.6164829,0.173987926,132.5610046,2.546280182,52.47516899,0.060211,66.83799744,5.371354,0.117099463,4.022289484,2.751363962,11.53394504,1.579672776,Selva-1
7798,12.34462066,39.86283755,47.79254179,117.1211718,0.131012234,524.8179932,2.543268328,46.05144118,0.044478,65.07099915,6.013189,0.087745117,4.618956257,2.691707391,12.82905996,1.816149797,Selva-1
7798.35,12.02614379,28.99782135,58.97603486,117.1211718,0.131012234,524.8179932,2.543268328,46.05144118,0.044478,65.07099915,5.969982,0.087745117,4.618956257,2.691707391,12.82905996,1.816149797,Selva-1
7800.4,6.812908669,0.727694579,92.45939675,148.9536432,0.158999469,280.7940063,2.543917789,58.55285256,0.049605,66.75700378,4.747345,0.104302235,4.49903474,2.723703964,12.71971845,1.76854565,Selva-1
7801,29.14920751,37.80287848,33.04791401,153.3354613,0.166990945,168.9559937,2.543951176,60.27452992,0.053836,68.01599884,4.47867,0.110413472,4.551822039,2.735582912,12.9547896,1.789272562,Selva-1
7801.4,20.51811096,39.95873453,39.52315452,153.3354613,0.166990945,168.9559937,2.543951176,60.27452992,0.053836,68.01599884,4.335336,0.110413472,4.551822039,2.735582912,12.9547896,1.789272562,Selva-1
7801.5,17.87878788,49.35064935,32.77056277,153.3354613,0.166990945,168.9559937,2.543951176,60.27452992,0.053836,68.01599884,4.335336,0.110413472,4.551822039,2.735582912,12.9547896,1.789272562,Selva-1
7802.8,9.447356924,28.94276977,61.60987331,143.1177362,0.155001749,165.8370056,2.558823352,55.93107317,0.041233,69.99700165,4.487699,0.098117375,4.357183394,2.728410448,12.30781436,1.702807421,Selva-1
7803,11.07874865,45.70658037,43.21467098,143.1177362,0.155001749,165.8370056,2.558823352,55.93107317,0.041233,69.99700165,4.487699,0.098117375,4.357183394,2.728410448,12.30781436,1.702807421,Selva-1
7804,8.70595841,56.16851632,35.12552527,155.9718419,0.149980588,167.8200073,2.576579893,60.53444814,0.031333,66.30400085,4.417726,0.090656794,4.643919144,2.733756718,13.10847237,1.802357907,Selva-1
7804.75,12.44008715,46.65577342,40.90413943,151.0705831,0.129004723,164.2969971,2.58251804,58.49739702,0.027332,64.8690033,4.245293,0.078168362,4.849011014,2.716710487,13.54214124,1.877629096,Selva-1
7805,11.13850772,55.69253859,33.16895369,151.0705831,0.129004723,164.2969971,2.58251804,58.49739702,0.027332,64.8690033,4.371429,0.078168362,4.849011014,2.716710487,13.54214124,1.877629096,Selva-1
7805.5,6.991410242,50.86441231,42.14417745,151.0705831,0.129004723,164.2969971,2.58251804,58.49739702,0.027332,64.8690033,5.390811,0.078168362,4.849011014,2.716710487,13.54214124,1.877629096,Selva-1
7806.11,5.3473639,63.87844948,30.77418662,269.6863071,0.142048276,484.6380005,2.580118982,104.524756,0.005316,67.89299774,6.166772,0.073682138,5.084517324,2.705806448,14.1223862,1.970652268,Selva-1
7806.6,17.08640903,46.25488493,36.65870604,420.9290022,0.203947064,168.6840057,2.55151716,164.9720444,0.032975,75.11799622,5.467373,0.118461032,4.838891954,2.760009729,13.93844831,1.896476351,Selva-1
7808,0,11.44949066,88.55050934,295.1957166,0.209989508,189.2350006,2.506025135,117.7943958,0.058056,76.9280014,5.182415,0.134022754,4.363160692,2.739104742,12.54903525,1.741068208,Selva-1
7809.1,19.81294345,45.9256074,34.26144915,205.4651965,0.191012945,173.4109955,2.496245635,82.30968685,0.063056,75.87799835,5.138491,0.127034473,4.244304181,2.713980206,12.06383095,1.700275054,Selva-1
7810.1,11.14099978,42.16543376,46.69356646,164.6754549,0.180002637,195.7230072,2.496924359,65.951319,0.057428,78.16400147,5.396778,0.118715318,4.427953168,2.698570723,12.47826803,1.773362958,Selva-1
7811,16.06874329,46.55209452,37.37916219,159.8367572,0.190009048,105.9830017,2.49829991,63.97821036,0.061579,79.29100037,4.570144,0.125794024,4.290553395,2.713898042,12.18956681,1.717389244,Selva-1
7811.25,14.92425859,50.17068487,34.90505654,159.8367572,0.190009048,105.9830017,2.49829991,63.97821036,0.061579,79.29100037,4.570144,0.125794024,4.290553395,2.713898042,12.18956681,1.717389244,Selva-1
7811.7,12.95910536,44.87446552,42.16642912,134.9400154,0.202995182,63.4280014,2.483621911,54.33194757,0.076377,80.86100006,4.025271,0.139686091,3.712507596,2.724512291,10.63637594,1.494795798,Selva-1
7812.9,14.19547872,39.72739362,46.07712766,134.0917884,0.2010035,132.1239929,2.478146403,54.10971208,0.066222,82.93900299,5.07217,0.13361275,3.788015832,2.706103596,10.75783541,1.528568218,Selva-1
7813,21.81247972,45.80945171,32.37806856,134.0917884,0.2010035,132.1239929,2.478146403,54.10971208,0.066222,82.93900299,5.07217,0.13361275,3.788015832,2.706103596,10.75783541,1.528568218,Selva-1
7813.9,3.370297891,58.36051316,38.26918895,181.6533903,0.207009712,79.09799957,2.475898103,73.36868595,0.075106,82.3730011,4.314832,0.141057856,4.012870553,2.718274173,11.48497571,1.62077371,Selva-1
7814.5,9.861610548,57.5351422,32.60324725,181.6533903,0.207009712,79.09799957,2.475898103,73.36868595,0.075106,82.3730011,4.060404,0.141057856,4.012870553,2.718274173,11.48497571,1.62077371,Selva-1
7814.92,13.46298485,48.00687654,38.53013861,191.0059367,0.216997362,70.03900146,2.472560855,77.25024697,0.080504,81.91300201,4.108204,0.148750681,3.976947901,2.729881976,11.46417406,1.608432769,Selva-1
7815,13.76029082,48.3481236,37.89158559,191.0059367,0.216997362,70.03900146,2.472560855,77.25024697,0.080504,81.91300201,4.108204,0.148750681,3.976947901,2.729881976,11.46417406,1.608432769,Selva-1
7815.8,14.7404614,40.79414374,44.46539485,168.7056461,0.20901509,83.18800354,2.477249026,68.10201331,0.075299,82.34999847,4.344369,0.142157045,3.737512838,2.722050659,10.71020221,1.508735213,Selva-1
7816.8,13.88980534,36.08270098,50.02749368,173.1161556,0.22100722,86.57299805,2.4785398,69.84602614,0.073216,82.26300049,4.41594,0.14711161,3.941689493,2.733567741,11.36851972,1.590327294,Selva-1
7817.1,13.54155291,36.13628918,50.32215791,173.1161556,0.22100722,86.57299805,2.4785398,69.84602614,0.073216,82.26300049,4.41594,0.14711161,3.941689493,2.733567741,11.36851972,1.590327294,Selva-1
7818,9.419340755,46.60554464,43.9751146,172.6768381,0.239987765,93.27799988,2.477717204,69.69190746,0.071016,82.1760025,4.567552,0.155501883,3.818110144,2.749817049,11.11008545,1.540978986,Selva-1
7819,0,52.52851302,47.47148698,172.1725241,0.23700324,54.59899902,2.47391555,69.59515013,0.081093,83.15200043,3.784071,0.15904812,3.892122948,2.752675254,11.35529826,1.573264272,Selva-1
7820.2,15.27762072,35.72317087,48.99920841,179.7888557,0.23499842,53.69599915,2.470431692,72.77629099,0.085137,82.69000244,3.732303,0.16006771,4.054948227,2.750655034,11.83123791,1.641392571,Selva-1
7821,26.1596548,39.77346278,34.06688242,176.2127905,0.229018102,65.38600159,2.470817293,71.3176126,0.084195,81.01799774,3.973974,0.156606551,3.939304574,2.743927813,11.44779889,1.594332606,Selva-1
7821.4,7.983299595,38.49949393,53.51720648,176.2127905,0.229018102,65.38600159,2.470817293,71.3176126,0.084195,81.01799774,4.286682,0.156606551,3.939304574,2.743927813,11.44779889,1.594332606,Selva-1
7823,5.242450021,56.01871544,38.73883454,202.4994368,0.234019213,102.7990036,2.479621991,81.6654464,0.070627,81.13400269,4.654716,0.152323106,4.133069771,2.745502328,12.00019632,1.666814452,Selva-1
7825,2.173913043,66.17647059,31.64961637,201.3795997,0.254999468,54.53300095,2.492386193,80.79791175,0.067863,82.51899719,3.763445,0.161431234,4.040035262,2.779682542,11.91150076,1.620950747,Selva-1
7825.3,4.067396437,53.0800601,42.85254346,201.3795997,0.254999468,54.53300095,2.492386193,80.79791175,0.067863,82.51899719,3.622304,0.161431234,4.040035262,2.779682542,11.91150076,1.620950747,Selva-1
7826.6,3.383897316,81.04381033,15.57229235,245.5684546,0.227002405,88.34600067,2.472735034,99.3104604,0.082499,80.51399994,3.669526,0.154750702,3.994843449,2.742367652,11.59517556,1.615556618,Selva-1
7827.7,2.802738554,79.94223363,17.25502781,191.0554309,0.215987779,205.0829926,2.439419125,78.32005123,0.102085,76.89299774,4.948524,0.15903639,3.76698948,2.711630691,10.83251151,1.544215769,Selva-1
7828,0,76.78080744,23.21919256,191.0554309,0.215987779,205.0829926,2.439419125,78.32005123,0.102085,76.89299774,5.426856,0.15903639,3.76698948,2.711630691,10.83251151,1.544215769,Selva-1
7828.01,4.834955565,62.685146,32.47989843,191.0554309,0.215987779,205.0829926,2.439419125,78.32005123,0.102085,76.89299774,5.426856,0.15903639,3.76698948,2.711630691,10.83251151,1.544215769,Selva-1
7828.4,5.452795894,58.60151823,35.94568588,191.0554309,0.215987779,205.0829926,2.439419125,78.32005123,0.102085,76.89299774,6.043319,0.15903639,3.76698948,2.711630691,10.83251151,1.544215769,Selva-1
7830.2,7.535218958,34.85857814,57.6062029,118.6874084,0.180001062,598.1669922,2.426251091,48.91802369,0.104914,73.8010025,6.825098,0.142457531,3.33801113,2.663184207,9.361197457,1.375789646,Selva-1
7830.9,7.254440402,39.82452386,52.92103574,103.989286,0.178993972,443.0029907,2.426528923,42.85516033,0.10896,73.85199738,6.381519,0.143976986,3.261957853,2.666460947,9.162424905,1.344289706,Selva-1
7831,0,51.76724138,48.23275862,103.989286,0.178993972,443.0029907,2.426528923,42.85516033,0.10896,73.85199738,6.381519,0.143976986,3.261957853,2.666460947,9.162424905,1.344289706,Selva-1
7832.1,8.669639943,38.05069074,53.27966931,93.94922097,0.178009631,451.3439941,2.430057764,38.66131183,0.103386,75.45400238,6.470443,0.140697815,3.154084285,2.664208225,8.837703699,1.297946219,Selva-1
7833,1.829463999,34.35326843,63.81726757,109.8486679,0.189001742,371.7330017,2.434671378,45.11847836,0.100309,76.76899719,6.237292,0.144655371,3.224319561,2.677302142,9.093212956,1.324334606,Selva-1
7833.5,13.54280709,23.54937596,62.90781695,109.8486679,0.189001742,371.7330017,2.434671378,45.11847836,0.100309,76.76899719,5.179997,0.144655371,3.224319561,2.677302142,9.093212956,1.324334606,Selva-1
7834.1,8.958356346,17.66265326,73.37899039,153.5393729,0.20599029,62.83399963,2.441239331,62.8940272,0.121736,76.54799652,3.577136,0.163863145,3.811336529,2.723688321,11.02983682,1.561230183,Selva-1
7834.25,2.780493103,26.12142935,71.09807755,153.5393729,0.20599029,62.83399963,2.441239331,62.8940272,0.121736,76.54799652,3.577136,0.163863145,3.811336529,2.723688321,11.02983682,1.561230183,Selva-1
7835.5,0,22.81989483,77.18010517,173.3240744,0.208996841,107.6169968,2.456732765,70.55064223,0.102436,76.56900024,4.909069,0.155716421,3.968105966,2.725406962,11.45434777,1.615196419,Selva-1
7835.8,6.826829003,11.35993043,81.81324057,178.8524727,0.195033173,158.5359955,2.457160647,72.78827005,0.098644,75.89399719,4.8979,0.146838586,4.518312323,2.707954232,12.9269793,1.838834725,Selva-1
7836,57.72698004,39.10710453,3.165915432,178.8524727,0.195033173,158.5359955,2.457160647,72.78827005,0.098644,75.89399719,4.8979,0.146838586,4.518312323,2.707954232,12.9269793,1.838834725,Selva-1
7837.11,9.787095373,20.96458831,69.24831632,201.2164395,0.209983144,96.5019989,2.458379932,81.84920354,0.109484,74.12000275,4.0528,0.159733572,4.531238438,2.73561609,13.16206204,1.843180697,Selva-1
7837.2,10.54088586,13.59667802,75.86243612,201.2164395,0.209983144,96.5019989,2.458379932,81.84920354,0.109484,74.12000275,4.0528,0.159733572,4.531238438,2.73561609,13.16206204,1.843180697,Selva-1
7839,6.296758105,27.55610973,66.14713217,222.828223,0.19300324,308.3729858,2.476769787,89.96727275,0.086261,70.76699829,5.603823,0.13963212,4.58718762,2.716439934,13.12414365,1.852084777,Selva-1
7839.5,28.13180828,27.24673203,44.62145969,222.828223,0.19300324,308.3729858,2.476769787,89.96727275,0.086261,70.76699829,5.660319,0.13963212,4.58718762,2.716439934,13.12414365,1.852084777,Selva-1
7841.1,3.821995103,69.30693069,26.8710742,144.678593,0.173999995,437.5190125,2.509047932,57.66274577,0.060738,69.55500031,6.016034,0.117368998,4.754608,2.709715529,13.44939713,1.894984922,Selva-1
7842,0,67.31501057,32.68498943,139.4801411,0.164995192,528.2199707,2.519899305,55.35147409,0.05179,68.63899994,6.248622,0.108392596,4.450043141,2.704673266,12.51611895,1.7659607,Selva-1
7842.25,69.3565976,30.27262814,0.370774264,139.4801411,0.164995192,528.2199707,2.519899305,55.35147409,0.05179,68.63899994,6.248622,0.108392596,4.450043141,2.704673266,12.51611895,1.7659607,Selva-1
7843.4,3.473181094,62.34731811,34.1795008,136.4915932,0.154006983,372.3930054,2.546063242,53.6088778,0.039663,68,5.544621,0.096834991,4.188204469,2.711828101,11.75313022,1.644972678,Selva-1
7844,0,74.60988296,25.39011704,175.9108511,0.156987058,373.125,2.566429892,68.5430183,0.026278,67.0039978,5.633985,0.091632529,4.430514465,2.724445164,12.46718851,1.726333721,Selva-1
7844.11,5.122470714,54.94142705,39.93610224,175.9108511,0.156987058,373.125,2.566429892,68.5430183,0.026278,67.0039978,5.633985,0.091632529,4.430514465,2.724445164,12.46718851,1.726333721,Selva-1
7845.6,1.427212179,65.35574585,33.21704197,103.8676313,0.142024134,216.1809998,2.552478944,40.69284548,0.04309,68.30599976,4.978272,0.092557067,4.656797982,2.710828183,13.04776293,1.824421703,Selva-1
7846,0,82.11442522,17.88557478,103.8676313,0.142024134,216.1809998,2.552478944,40.69284548,0.04309,68.30599976,4.861549,0.092557067,4.656797982,2.710828183,13.04776293,1.824421703,Selva-1
7847.11,7.162324212,36.45481304,56.38286275,95.92346232,0.157990378,205.4550018,2.5156363,38.13089448,0.071756,69.07299805,4.812941,0.114873189,4.00135623,2.71233803,11.30744235,1.590594089,Selva-1
7848.11,11.86001296,40.46230287,47.67768417,97.09130642,0.160989525,186.5659943,2.507494217,38.72045078,0.081692,69.13200378,4.613593,0.121340762,3.807109897,2.715675603,10.79557952,1.518292593,Selva-1
7849,0,76.51813251,23.48186749,98.75767333,0.143990284,196.1239929,2.517847338,39.22305846,0.078942,65.6289978,4.551643,0.111466142,3.908951369,2.708260551,11.01411009,1.552497369,Selva-1
7849.7,2.225973204,1.086612512,96.68741428,79.51643677,0.116002111,321.2000122,2.536260995,31.35183522,0.063036,62.67900085,4.558741,0.089519055,4.033086135,2.687307135,11.18551639,1.590169996,Selva-1
7849.8,0,3.438818565,96.56118143,79.51643677,0.116002111,321.2000122,2.536260995,31.35183522,0.063036,62.67900085,5.166857,0.089519055,4.033086135,2.687307135,11.18551639,1.590169996,Selva-1
7851.2,1.976284585,67.42869352,30.5950219,70.88130205,0.102036191,514.0369873,2.577575104,27.49921891,0.026218,62.61299896,5.837666,0.064127095,4.558998611,2.685672378,12.52210393,1.76871611,Selva-1
7852,0,60.24044654,39.75955346,91.04349048,0.130999997,276.07901,2.55184707,35.67748693,0.054041,64.61399841,4.925341,0.092520499,4.204238351,2.710062946,11.77140977,1.64752755,Selva-1
7852.7,1.484210526,91.35789474,7.157894737,103.0193808,0.156982551,171.1150055,2.535647689,40.62842851,0.072421,64.73200226,4.714796,0.114701776,3.977069814,2.734610605,11.32623642,1.568463092,Selva-1
7854,0,80,20,89.55933741,0.143980573,179.095993,2.527518339,35.4337043,0.078991,62.68799973,4.250554,0.111485787,3.954288069,2.719182784,11.18585676,1.564494314,Selva-1
7854.25,0,93.7334323,6.266567702,89.55933741,0.143980573,179.095993,2.527518339,35.4337043,0.078991,62.68799973,4.250554,0.111485787,3.954288069,2.719182784,11.18585676,1.564494314,Selva-1
7855,5.332759918,56.85410171,37.81313837,78.25513886,0.116004756,507.401001,2.524982207,30.9923526,0.063913,62.84799957,5.831078,0.089958878,4.228940865,2.675728899,11.68411047,1.674839868,Selva-1
7855.25,14.72885033,51.72451193,33.54663774,78.25513886,0.116004756,507.401001,2.524982207,30.9923526,0.063913,62.84799957,5.831078,0.089958878,4.228940865,2.675728899,11.68411047,1.674839868,Selva-1
7856,0,63.87889054,36.12110946,106.3700065,0.120018093,204.0910034,2.509401648,42.38859356,0.08795,64.43199921,4.51263,0.103984047,4.125752619,2.684570059,11.49664619,1.64411808,Selva-1
7857.3,7.238489169,45.48818983,47.273321,119.0764104,0.144992772,232.7890015,2.499790789,47.63455044,0.091273,65.95899963,5.07752,0.118132886,3.69137801,2.700699307,10.39681168,1.476674778,Selva-1
7858.1,6.357225555,77.0024208,16.64035365,121.4909087,0.156993025,287.9920044,2.492528937,48.7420254,0.093225,64.6190033,5.084291,0.125109012,3.798001842,2.705959894,10.74885342,1.523754363,Selva-1
7859,0,81.25264943,18.74735057,96.24579045,0.151996758,401.4620056,2.482595896,38.76820654,0.094654,64.71900177,5.608733,0.123325379,3.905870427,2.691158682,10.99043473,1.573300928,Selva-1
7860.9,11.40400498,47.9239733,40.67202172,103.2700458,0.149021115,245.1719971,2.489122896,41.48852833,0.089741,69.04100037,5.040609,0.119381057,4.210514413,2.690995757,11.8334921,1.691565499,Selva-1
7862,0,22.21986867,77.78013133,106.6585953,0.174990365,286.3469849,2.492812081,42.78645635,0.083275,69.49900055,5.304459,0.129132683,4.002185271,2.714167074,11.38190544,1.605490161,Selva-1
7862.1,3.430998802,44.37425117,52.19475003,106.6585953,0.174990365,286.3469849,2.492812081,42.78645635,0.083275,69.49900055,5.304459,0.129132683,4.002185271,2.714167074,11.38190544,1.605490161,Selva-1
7863,4.071714008,50.41581164,45.51247435,120.1295143,0.183975572,178.9470062,2.502498232,48.00383583,0.085593,67.68199921,4.538408,0.134784286,3.975066212,2.736559111,11.41935342,1.588439169,Selva-1
7864,0,56.74324612,43.25675388,109.0158477,0.146025893,281.3070068,2.521488104,43.23472617,0.068226,66.1949997,5.127204,0.107125946,4.218543729,2.704034402,11.85323374,1.673037332,Selva-1
7864.6,5.816804101,46.8798752,47.3033207,102.9987686,0.127002122,248.1719971,2.526948246,40.76014171,0.069052,64.64099884,5.022533,0.098027061,4.891881602,2.692898068,13.65065133,1.935885157,Selva-1
7865.83,0.793650794,68.72586873,30.48048048,124.5404512,0.132018094,368.0549927,2.527000959,49.28389551,0.063829,64.46099854,5.441243,0.097923547,4.892599029,2.692762242,13.65143788,1.936128679,Selva-1
7866,0,25.5177676,74.4822324,124.5404512,0.132018094,368.0549927,2.527000959,49.28389551,0.063829,64.46099854,5.441243,0.097923547,4.892599029,2.692762242,13.65143788,1.936128679,Selva-1
7866.7,4.319893664,26.19627825,69.48382809,151.7853613,0.152971099,311.5119934,2.522209637,60.17951842,0.069618,65.3809967,5.116739,0.11129455,4.397151551,2.712839317,12.41681452,1.74337275,Selva-1
7868.4,7.308597691,54.10828382,38.58311848,150.2652857,0.144003483,311.3460083,2.534656852,59.28427179,0.060464,65.29299927,5.305585,0.102233742,4.079242506,2.709416942,11.45995742,1.609386495,Selva-1
7869,0,32.11096939,67.88903061,141.9320472,0.133003238,378.0130005,2.545079064,55.76724479,0.051469,64.6269989,5.440046,0.092236119,4.339155595,2.702071537,12.11479795,1.704919763,Selva-1
7871.1,5.123615617,44.13245329,50.74393109,113.7153321,0.125987939,343.053009,2.565548608,44.32398271,0.041931,62.15800095,5.188416,0.08395947,4.585930606,2.709038581,12.79795791,1.78750486,Selva-1
7872,10.9671848,45.69300518,43.33981002,113.0198449,0.117014449,389.0870056,2.561956229,44.11466658,0.043147,62.66799927,5.368531,0.080080724,4.430387574,2.697927493,12.29501216,1.729298699,Selva-1
7875.75,0,48.8233415,51.1766585,96.30994469,0.129015071,448.1390076,2.539950684,37.91803727,0.059692,61.16199875,5.495832,0.094353536,4.481607852,2.700388335,12.51689992,1.764446799,Selva-1
7876,0,65.30266087,34.69733913,96.30994469,0.129015071,448.1390076,2.539950684,37.91803727,0.059692,61.16199875,5.53489,0.094353536,4.481607852,2.700388335,12.51689992,1.764446799,Selva-1
7876.3,3.962954986,46.82317467,49.21387034,96.30994469,0.129015071,448.1390076,2.539950684,37.91803727,0.059692,61.16199875,4.570417,0.094353536,4.481607852,2.700388335,12.51689992,1.764446799,Selva-1
7877.6,2.422979936,42.71461463,54.86240544,139.0222209,0.157991286,220.6340027,2.536744605,54.80339667,0.060809,67.06500244,4.192981,0.109400143,4.414785426,2.72551634,12.51345703,1.740335001,Selva-1
7878.6,1.952375578,24.69247263,73.35515179,150.5596121,0.157987059,99.68499756,2.538114029,59.31948304,0.070068,67.85099793,4.368659,0.11402753,4.240423818,2.736074292,12.08351927,1.670698704,Selva-1
7879,0,10.34445756,89.65554244,150.5596121,0.157987059,99.68499756,2.538114029,59.31948304,0.070068,67.85099793,3.597146,0.11402753,4.240423818,2.736074292,12.08351927,1.670698704,Selva-1
7880.3,2.247546692,2.817347262,94.93510605,165.8926438,0.134998945,118.7959976,2.550784803,65.03592293,0.060509,66.37799835,4.757624,0.097753972,4.461012165,2.718804799,12.5577777,1.748878291,Selva-1
7882,0,31.33650519,68.66349481,116.6720276,0.109012041,564.0609741,2.552514164,45.70867,0.043384,62.84400177,5.957121,0.07619802,4.607807105,2.680570294,12.69037537,1.805203344,Selva-1
7882.8,1.868556701,18.03049828,80.10094502,104.4651822,0.125975587,512.9219971,2.554713296,40.89115687,0.045436,62.80400085,5.748096,0.085705793,4.259374775,2.700451873,11.85463978,1.667261364,Selva-1
7884.2,3.692604089,68.28641764,28.02097827,69.09633974,0.102016183,437.4849854,2.585155168,26.72812084,0.027705,60.95100021,5.440231,0.064860592,4.537546922,2.695100382,12.50918577,1.75523194,Selva-1
7885,0,89.04786954,10.95213046,46.80803751,0.087004774,1158.427002,2.591282626,18.06365583,0.009465,59.58000183,6.873516,0.048234887,4.511976731,2.671927879,12.259001,1.74121367,Selva-1
7885.58,0,55,45,63.67935751,0.103,723.9459839,2.587223658,24.61300836,0.018844,60.97200012,7.139597,0.060922,4.233427984,2.690193634,11.63094443,1.636282187,Selva-1
7886,0,0,100,63.67935751,0.103,723.9459839,2.587223658,24.61300836,0.018844,60.97200012,6.187688,0.060922,4.233427984,2.690193634,11.63094443,1.636282187,Selva-1
7886.5,1.73702495,0.947468155,97.3155069,63.67935751,0.103,723.9459839,2.587223658,24.61300836,0.018844,60.97200012,5.522596,0.060922,4.233427984,2.690193634,11.63094443,1.636282187,Selva-1
7887.7,7.30484082,59.43087658,33.2642826,56.90523368,0.098012203,628.8619995,2.581078678,22.04707441,0.022754,61.8409996,5.37512,0.060383102,4.775703591,2.68268438,13.08647725,1.850274318,Selva-1
7888.1,20.12811868,47.38143403,32.49044729,56.90523368,0.098012203,628.8619995,2.581078678,22.04707441,0.022754,61.8409996,6.043708,0.060383102,4.775703591,2.68268438,13.08647725,1.850274318,Selva-1
7889,0,5.358101578,94.64189842,120.7326833,0.096993529,659.9349976,2.579593206,46.8029932,0.022378,61.97499847,6.134011,0.059685764,4.41960839,2.679856739,12.09271163,1.713296647,Selva-1
7890,0,18.00358385,81.99641615,141.2377084,0.095998939,408.2609863,2.57490486,54.85162214,0.03238,62.73500061,5.433196,0.064189469,3.67712272,2.682931329,10.08339415,1.428061587,Selva-1
7891.8,9.616670381,40.21618008,50.16714954,109.1858529,0.109992772,477.4030151,2.563149193,42.5983213,0.040678,62.70600128,5.627442,0.075335386,3.983913242,2.690503962,11.00257992,1.554304077,Selva-1
7892,0,1.821709604,98.1782904,109.1858529,0.109992772,477.4030151,2.563149193,42.5983213,0.040678,62.70600128,5.627442,0.075335386,3.983913242,2.690503962,11.00257992,1.554304077,Selva-1
7893.67,0,89.98105662,10.01894338,153.5008357,0.091029132,313.9419861,2.574869557,59.61499497,0.046917,58.1949997,3.472242,0.068973066,4.823572584,2.691540276,13.30314217,1.873326969,Selva-1
7893.7,7.508862391,59.24374261,33.24739499,153.5008357,0.091029132,313.9419861,2.574869557,59.61499497,0.046917,58.1949997,3.472242,0.068973066,4.823572584,2.691540276,13.30314217,1.873326969,Selva-1
7895,0,10.8994709,89.1005291,138.7077982,0.089000533,718.7310181,2.581924888,53.72263104,0.02929,58.23400116,6.043833,0.059145266,4.979869831,2.681369963,13.63449294,1.928743107,Selva-1
7895.2,1.742712294,6.506125898,91.75116181,138.7077982,0.089000533,718.7310181,2.581924888,53.72263104,0.02929,58.23400116,6.043833,0.059145266,4.979869831,2.681369963,13.63449294,1.928743107,Selva-1
7896.6,6.584455255,47.03020704,46.38533771,127.9364045,0.116978315,186.8190002,2.58070551,49.57419745,0.046631,61.11000061,4.075079,0.081804658,4.769002462,2.721535099,13.35934527,1.84794524,Selva-1
7897.8,2.2,9.610526316,88.18947368,113.0376086,0.113012201,177.0670013,2.575400058,43.89128139,0.050777,60.35200119,4.04755,0.0818946,5.143581677,2.715925054,14.3837878,1.997197158,Selva-1
7898,0,19.92584746,80.07415254,113.0376086,0.113012201,177.0670013,2.575400058,43.89128139,0.050777,60.35200119,4.04755,0.0818946,5.143581677,2.715925054,14.3837878,1.997197158,Selva-1
7899.6,6.147843509,11.51534325,82.33681324,163.601962,0.134997347,167.5899963,2.560642003,63.89099365,0.058528,62.31499863,4.35078,0.096762673,4.074099842,2.727831609,11.49634713,1.591046244,Selva-1
7900.3,4.070274989,27.17154081,68.7581842,163.601962,0.134997347,167.5899963,2.560642003,63.89099365,0.058528,62.31499863,3.551729,0.096762673,4.074099842,2.727831609,11.49634713,1.591046244,Selva-1
7901,0,45.10875388,54.89124612,173.1417551,0.121984926,91.98500061,2.565825933,67.47993031,0.062091,64.18099976,3.192747,0.092037963,4.137726713,2.724550002,11.64219107,1.612629548,Selva-1
7901.11,3.537080573,26.88608677,69.57683266,173.1417551,0.121984926,91.98500061,2.565825933,67.47993031,0.062091,64.18099976,3.192747,0.092037963,4.137726713,2.724550002,11.64219107,1.612629548,Selva-1
7903.2,1.189473684,0.442105263,98.36842105,151.8503079,0.110994772,434.552002,2.578450823,58.8920706,0.036225,59.4070015,5.352854,0.073609886,4.795877994,2.703872698,13.30878907,1.859984279,Selva-1
7904.25,0,9.021520195,90.9784798,162.4519269,0.118996766,406.8980103,2.576811925,63.04376556,0.042005,58.04199982,5.171968,0.080500883,4.370482227,2.71485964,12.2041012,1.696081187,Selva-1
7905,0,7.02089299,92.97910701,170.7733582,0.119999465,500.8389893,2.566052448,66.55100067,0.046931,58.36100006,5.485878,0.083465233,4.486150091,2.708666713,12.5144885,1.748269056,Selva-1
7907.11,3.631196716,0.631512472,95.73729081,164.7204129,0.10700241,543.8060303,2.576574195,63.93000957,0.034813,59.96699905,5.676235,0.070907705,7.547727858,2.696897287,20.89332468,2.929365618,Selva-1
7907.38,0,30.95836521,69.04163479,164.7204129,0.10700241,543.8060303,2.576574195,63.93000957,0.034813,59.96699905,5.599524,0.070907705,7.547727858,2.696897287,20.89332468,2.929365618,Selva-1
7908,12.1400042,1.597645575,86.26235022,199.1883958,0.104998254,514.3619995,2.58675095,77.00331407,0.02851,59.69400024,5.579186,0.066754127,5.58397961,2.700249629,15.44179076,2.158684666,Selva-1
7908.6,3.768421053,0.294736842,95.93684211,190.9027549,0.095996764,778.1929932,2.609964627,73.14380928,0.005892,59.28699875,5.838527,0.050944382,4.846909855,2.696385961,13.30247758,1.857078753,Selva-1
7908.91,0,4.842615012,95.15738499,190.9027549,0.095996764,778.1929932,2.609964627,73.14380928,0.005892,59.28699875,6.170201,0.050944382,4.846909855,2.696385961,13.30247758,1.857078753,Selva-1
7909,0,1.208267091,98.79173291,190.9027549,0.095996764,778.1929932,2.609964627,73.14380928,0.005892,59.28699875,6.170201,0.050944382,4.846909855,2.696385961,13.30247758,1.857078753,Selva-1
7909.5,2.431323019,14.28270708,83.2859699,190.9027549,0.095996764,778.1929932,2.609964627,73.14380928,0.005892,59.28699875,6.481501,0.050944382,4.846909855,2.696385961,13.30247758,1.857078753,Selva-1
7909.8,2.805315334,66.61041974,30.58426492,190.9027549,0.095996764,778.1929932,2.609964627,73.14380928,0.005892,59.28699875,6.637754,0.050944382,4.846909855,2.696385961,13.30247758,1.857078753,Selva-1
7910.5,1.763996932,17.32223074,80.91377232,187.5575399,0.088009044,681.5880127,2.616945982,71.67039032,0.003969,58.72399902,6.519539,0.045989022,6.200113842,2.694892427,16.98341934,2.369217357,Selva-1
7911,11.4552766,15.50918378,73.03553962,187.5575399,0.088009044,681.5880127,2.616945982,71.67039032,0.003969,58.72399902,5.939604,0.045989022,6.200113842,2.694892427,16.98341934,2.369217357,Selva-1
7912.8,1.336842105,6.284210526,92.37894737,123.1062585,0.0930122,1297.125977,2.598493132,47.37601842,0.010538,57.83200073,6.851104,0.0517751,5.245114892,2.685774263,14.34628797,2.018521745,Selva-1
7913,0,18.21463735,81.78536265,123.1062585,0.0930122,1297.125977,2.598493132,47.37601842,0.010538,57.83200073,6.851104,0.0517751,5.245114892,2.685774263,14.34628797,2.018521745,Selva-1
7913.7,4.239599909,10.97976813,84.78063196,195.3497577,0.10800324,501.0939941,2.590589199,75.40746243,0.031404,56.10599899,6.359196,0.06970362,4.839793354,2.709766085,13.43987234,1.868221081,Selva-1
7915,94.40536382,2.989668059,2.604968125,186.8490893,0.124996271,77.03900146,2.583188993,72.3327212,0.054293,59.4620018,2.664775,0.089644636,5.112889122,2.739088993,14.45889935,1.979293476,Selva-1
7915.3,0.970976253,91.76781003,7.26121372,186.8490893,0.124996271,77.03900146,2.583188993,72.3327212,0.054293,59.4620018,1.896889,0.089644636,5.112889122,2.739088993,14.45889935,1.979293476,Selva-1
7916.7,5.399384746,1.124429829,93.47618542,175.4578596,0.122007231,93.48799896,2.582483494,67.94152218,0.053672,60.09899902,1.620525,0.087839616,5.092241005,2.734874174,14.36886403,1.971838743,Selva-1
7917.1,28.59819264,25.20387922,46.19792815,175.4578596,0.122007231,93.48799896,2.582483494,67.94152218,0.053672,60.09899902,3.112871,0.087839616,5.092241005,2.734874174,14.36886403,1.971838743,Selva-1
7917.39,0,11.49708651,88.50291349,175.4578596,0.122007231,93.48799896,2.582483494,67.94152218,0.053672,60.09899902,4.084555,0.087839616,5.092241005,2.734874174,14.36886403,1.971838743,Selva-1
7918,0,8.979854265,91.02014574,188.1225743,0.129998253,128.7409973,2.569376378,73.21721173,0.053764,61.78499985,3.709267,0.091881126,5.585047079,2.728161834,15.75140424,2.173697527,Selva-1
7918.9,0.789473684,88.8,10.41052632,134.6859589,0.141032376,18.92200089,2.544990649,52.92198576,0.092706,64.60500336,1.043717,0.116869188,6.185695565,2.749447112,17.75965979,2.43053764,Selva-1
7919.75,0,86.24332978,13.75667022,152.8946543,0.17099574,49.9070015,2.515968649,60.76969774,0.089594,72.3219986,1.716966,0.13029487,6.864361742,2.743083485,19.78299416,2.728317678,Selva-1
7920,99.6886121,0.278024911,0.033362989,152.8946543,0.17099574,49.9070015,2.515968649,60.76969774,0.089594,72.3219986,2.753653,0.13029487,6.864361742,2.743083485,19.78299416,2.728317678,Selva-1
7920.9,6.819650937,16.93600517,76.24434389,155.242483,0.180963818,17.10300064,2.47079866,62.83089167,0.137509,73.16300201,1.188936,0.159236409,9.133522301,2.749360553,26.74649177,3.696587038,Selva-1
7921,63.21995465,16.56462585,20.2154195,155.242483,0.180963818,17.10300064,2.47079866,62.83089167,0.137509,73.16300201,1.188936,0.159236409,9.133522301,2.749360553,26.74649177,3.696587038,Selva-1
7922.3,2.131990572,88.38654382,9.48146561,194.2005039,0.155007232,127.6460037,2.475546695,78.44752201,0.108843,67.71700287,4.918494,0.131925116,6.286995461,2.699791944,17.85305457,2.539639213,Selva-1
7923,16.00914808,0,83.99085192,180.5597632,0.136024396,286.9639893,2.483365393,72.70769086,0.093947,62.46300125,5.225386,0.114985698,4.948104475,2.676092001,13.81950386,1.992499569,Selva-1
7923.01,19.18657053,0.247859396,80.56557008,180.5597632,0.136024396,286.9639893,2.483365393,72.70769086,0.093947,62.46300125,5.225386,0.114985698,4.948104475,2.676092001,13.81950386,1.992499569,Selva-1
7924,3.27904689,9.181331293,87.53962182,167.0225505,0.165999994,127.3389969,2.490622772,67.06055706,0.098148,69.67299652,4.086867,0.132073997,6.226588679,2.717453754,17.79189298,2.500012747,Selva-1
7924.5,0,8.866136586,91.13386341,167.0225505,0.165999994,127.3389969,2.490622772,67.06055706,0.098148,69.67299652,1.964002,0.132073997,6.226588679,2.717453754,17.79189298,2.500012747,Selva-1
7925,3.548781844,7.976415619,88.47480254,177.7560283,0.187989327,27.73699951,2.530329733,70.25014408,0.089124,73.27600098,1.819981,0.138556664,5.879923851,2.776471729,17.19076252,2.323777717,Selva-1
7925.9,2.455166524,3.949615713,93.59521776,205.2184168,0.148021104,58.73799896,2.559898516,80.16662206,0.062835,64.90399933,2.787357,0.105428052,5.091823055,2.743737348,14.51178553,1.989072232,Selva-1
7927.4,8.286647993,5.170401494,86.54295051,182.2937611,0.12100723,46.6590004,2.593527378,70.28796482,0.050005,62.28300095,2.842437,0.085506115,5.347997639,2.742523821,15.12030366,2.062055594,Selva-1
7928,0.59435364,7.089789854,92.31585651,186.1973577,0.112012196,140.5670013,2.612221496,71.27931454,0.023596,61.74599838,3.75496,0.067804098,5.49179283,2.72948786,15.35286435,2.102345777,Selva-1
7928.9,6.328698128,7.774006351,85.89729552,209.0957798,0.123964387,423.0920105,2.623330421,79.7062307,0.000871,60.0379982,5.351612,0.062417693,5.339359574,2.731400443,14.90609993,2.035336277,Selva-1
7930.1,0.970668917,1.751424351,97.27790673,144.6301859,0.106000532,151.026001,2.625326695,55.0903574,0.017203,60.11600113,3.754605,0.061601766,5.454963103,2.73202233,15.2283528,2.077822586,Selva-1
7930.25,0,3.814477677,96.18552232,144.6301859,0.106000532,151.026001,2.625326695,55.0903574,0.017203,60.11600113,3.754605,0.061601766,5.454963103,2.73202233,15.2283528,2.077822586,Selva-1
7931,5.484361425,4.941355343,89.57428323,83.65625703,0.086012061,171.5509949,2.627982949,31.83287664,0.013995,59.15299988,3.928529,0.05000353,5.403891287,2.713672631,14.92251061,2.056288565,Selva-1
7931.7,4.649406688,7.421790723,87.92880259,88.57807151,0.084012052,252.5249939,2.629279183,33.68910844,0.007147,60.0019989,4.964947,0.045579526,5.199269861,2.707087418,14.29929745,1.977450662,Selva-1
7932.11,6.360187458,4.563713457,89.07609909,88.57807151,0.084012052,252.5249939,2.629279183,33.68910844,0.007147,60.0019989,4.508512,0.045579526,5.199269861,2.707087418,14.29929745,1.977450662,Selva-1
7933,0,16.76152215,83.23847785,144.2460117,0.098994775,175.951004,2.631568725,54.81369737,0.012013,59.72999954,3.940361,0.055503887,5.372900876,2.727448851,14.9406713,2.041710264,Selva-1
7933.5,0,35.7166177,64.2833823,144.2460117,0.098994775,175.951004,2.631568725,54.81369737,0.012013,59.72999954,3.954279,0.055503887,5.372900876,2.727448851,14.9406713,2.041710264,Selva-1
7934,0,9.550143571,90.44985643,176.4391262,0.102993525,183.8339996,2.636465237,66.9226067,0.010148,58.73500061,3.947596,0.056570763,5.332831835,2.734592455,14.87291236,2.02272033,Selva-1
7934.01,2.644754027,12.07009142,85.28515455,176.4391262,0.102993525,183.8339996,2.636465237,66.9226067,0.010148,58.73500061,3.947596,0.056570763,5.332831835,2.734592455,14.87291236,2.02272033,Selva-1
7935,75.31962201,22.04558088,2.63479711,136.4476247,0.097999997,67.8809967,2.643620618,51.61392059,0.024106,57.4090004,2.353522,0.061052999,5.278152054,2.750493495,14.8282119,1.996561843,Selva-1
7935.33,0,38.40765039,61.59234961,136.4476247,0.097999997,67.8809967,2.643620618,51.61392059,0.024106,57.4090004,1.81125,0.061052999,5.278152054,2.750493495,14.8282119,1.996561843,Selva-1
7936.8,8.41783884,32.65728928,58.92487188,114.1038178,0.085009644,410.1719971,2.637692269,43.25895752,0.004628,54.46799851,4.975166,0.044818822,5.516144437,2.714535741,15.20913776,2.09127672,Selva-1
7937.8,78.96873286,17.36697751,3.664289632,131.0484177,0.094005221,293.4509888,2.63040855,49.82055648,0.010629,56.74399948,4.579983,0.05231711,5.290381308,2.720415729,14.65649092,2.011239398,Selva-1
7938,57.38183451,42.61816549,0,131.0484177,0.094005221,293.4509888,2.63040855,49.82055648,0.010629,56.74399948,4.579983,0.05231711,5.290381308,2.720415729,14.65649092,2.011239398,Selva-1
7938.35,57.3038674,42.6961326,0,131.0484177,0.094005221,293.4509888,2.63040855,49.82055648,0.010629,56.74399948,3.624605,0.05231711,5.290381308,2.720415729,14.65649092,2.011239398,Selva-1
7939,28.95352725,15.51320629,55.53326647,142.4812787,0.119022665,37.14500046,2.617025226,54.44398367,0.04438,60.3030014,1.673905,0.081701333,5.801601836,2.760892489,16.48928418,2.216868901,Selva-1
7941,70.97798708,29.02201292,0,171.032074,0.199045215,12.67800045,2.524592243,67.74641507,0.100544,68.61399841,1.027062,0.149794607,6.456947137,2.793204626,19.08510754,2.557619812,Selva-1
7942.3,82.12940394,17.87059606,0,134.5833486,0.276995188,5.823999882,2.494599876,53.94987384,0.103723,78.00700378,1.080611,0.190359094,9.042337228,2.846003413,27.74295816,3.624764563,Selva-1
7943,78.07392783,21.92607217,0,137.419327,0.349991289,2.937999964,2.456920132,55.93154015,0.1143,88.26999664,1.134159,0.232145644,10.66300715,2.897391246,33.96748866,4.339989326,Selva-1
7943.9,76.60046599,23.39953401,0,145.3867082,0.395922298,3.069999933,2.43168219,59.78853188,0.117917,95.0510025,1.187707,0.256919649,10.303974,2.92668557,33.54621099,4.23738515,Selva-1
7944,76.66412463,23.33587537,0,145.3867082,0.395922298,3.069999933,2.43168219,59.78853188,0.117917,95.0510025,1.187707,0.256919649,10.303974,2.92668557,33.54621099,4.23738515,Selva-1
7944.01,74.31457431,25.68542569,0,145.3867082,0.395922298,3.069999933,2.43168219,59.78853188,0.117917,95.0510025,1.187707,0.256919649,10.303974,2.92668557,33.54621099,4.23738515,Selva-1
7945,71.28143972,28.71856028,0,148.5042338,0.37500695,2.892999887,2.412514826,61.55578081,0.13677,96.23500061,1.241256,0.255888475,9.735053651,2.898256885,31.39047876,4.035230601,Selva-1
7948,76.78630227,22.89540116,0.318296565,149.3203474,0.388998258,2.660000086,2.40474406,62.09407059,0.14035,96.04799652,1.080611,0.264674129,9.829979034,2.910369422,31.96711492,4.087744388,Selva-1
7948.17,79.81908249,20.18091751,0,149.3203474,0.388998258,2.660000086,2.40474406,62.09407059,0.14035,96.04799652,1.080611,0.264674129,9.829979034,2.910369422,31.96711492,4.087744388,Selva-1
7950,67.56282234,31.89948425,0.537693405,144.9851089,0.423991971,2.483999968,2.375590718,61.03118176,0.157049,97.09100342,1.080611,0.290520486,10.93578537,2.938873062,36.41217181,4.603396235,Selva-1
7950.1,83.23762054,16.76237946,0,144.9851089,0.423991971,2.483999968,2.375590718,61.03118176,0.157049,97.09100342,1.080611,0.290520486,10.93578537,2.938873062,36.41217181,4.603396235,Selva-1
7951.83,81.2038918,18.7961082,0,150.6800012,0.378040982,2.809999943,2.382000321,63.25775856,0.159551,97.74199677,1.080611,0.268795991,8.265830339,2.890033841,26.74330596,3.47012142,Selva-1
7952.2,80.09939499,19.90060501,0,150.6800012,0.378040982,2.809999943,2.382000321,63.25775856,0.159551,97.74199677,1.080611,0.268795991,8.265830339,2.890033841,26.74330596,3.47012142,Selva-1
7952.33,66.78169876,32.31659802,0.901703217,150.6800012,0.378040982,2.809999943,2.382000321,63.25775856,0.159551,97.74199677,1.134159,0.268795991,8.265830339,2.890033841,26.74330596,3.47012142,Selva-1
7955,74.49188085,24.91665771,0.591461447,145.2248629,0.391996243,2.786000013,2.438977842,59.54333017,0.113815,92.04199982,1.321578,0.252905622,10.86902345,2.926099143,35.31395137,4.456384663,Selva-1
7956.4,77.68416505,21.94858501,0.367249946,138.5683432,0.395012066,2.444000006,2.441866418,56.74689742,0.110976,96.30599976,1.455449,0.252994033,11.15217406,2.930193978,36.28568379,4.567069669,Selva-1
7956.9,72.31449525,27.09232097,0.593183779,133.1686306,0.408009638,2.338000059,2.469618448,53.92275506,0.084443,100.4929962,1.348353,0.246226319,10.63818039,2.949681297,34.69096103,4.307621043,Selva-1
7958,77.34541578,20.5010661,2.153518124,131.3977536,0.428970404,2.688999891,2.478354185,53.01814987,0.069904,101.9029999,1.241256,0.249437202,10.26612162,2.969660886,33.73250973,4.142314153,Selva-1
7958.7,80.58615895,19.07155846,0.342282597,141.3581558,0.403022661,2.667000055,2.491096506,56.74535511,0.066094,101.1949997,1.187707,0.23455833,9.835847268,2.948021077,31.857118,3.948400733,Selva-1
7959.4,80.96767288,18.4221794,0.61014772,141.3581558,0.403022661,2.667000055,2.491096506,56.74535511,0.066094,101.1949997,1.080611,0.23455833,9.835847268,2.948021077,31.857118,3.948400733,Selva-1
7960,67.36118569,26.44184298,6.196971324,142.6737911,0.388000011,3.02699995,2.505390074,56.94673758,0.058711,97.06099701,1.080611,0.223355506,7.611254987,2.938325817,24.40947574,3.03795208,Selva-1
7962,75.00536136,23.82586318,1.168775466,143.6345101,0.385990361,3.773999929,2.516218202,57.08348744,0.050958,90.75900269,1.080611,0.21847418,6.452886089,2.940074357,20.63608385,2.564517689,Selva-1
7963.29,76.11431009,22.72339518,1.162294732,144.2212257,0.386015668,4.03399992,2.502348786,57.63434197,0.061067,90.71700287,1.080611,0.223541334,8.516123818,2.934872843,27.30157104,3.403252123,Selva-1
7964.6,84.81203008,14.44683136,0.741138561,149.530997,0.399000525,3.105000019,2.486231385,60.14363665,0.073418,94.59700012,1.080611,0.236209262,6.603354917,2.945862017,21.34009069,2.655969576,Selva-1
7965,76.23284734,21.62307033,2.144082333,149.530997,0.399000525,3.105000019,2.486231385,60.14363665,0.073418,94.59700012,1.080611,0.236209262,6.603354917,2.945862017,21.34009069,2.655969576,Selva-1
7967,62.49732506,34.14294886,3.359726086,154.8197744,0.417985542,2.970999956,2.479447976,62.44122721,0.074888,91.73699951,1.294804,0.246436771,7.162631102,2.963269861,23.40368017,2.888800722,Selva-1
7968,70.94363792,27.3911187,1.665243382,155.3069998,0.42899825,2.657999992,2.475610132,62.73483767,0.076479,94.18800354,1.348353,0.252738625,6.281366002,2.974690759,20.64049411,2.537300167,Selva-1
7968.5,74.19526753,22.50053294,3.304199531,155.3069998,0.42899825,2.657999992,2.475610132,62.73483767,0.076479,94.18800354,1.348353,0.252738625,6.281366002,2.974690759,20.64049411,2.537300167,Selva-1
7969,80.51298425,18.59301831,0.893997446,150.1660427,0.429983819,2.842000008,2.472476319,60.73507827,0.076193,98.67500305,1.348353,0.253088409,7.716331986,2.971419827,25.37369099,3.120892171,Selva-1
8013,0,32.11821527,67.88178473,125.7025926,0.095994788,326.9119873,2.630973696,47.77797391,0.014686,56.47100067,1.883837,0.055340394,5.497847227,2.726519993,15.28277609,2.089662559,Selva-1
8038,54.59249677,45.40750323,0,132.676484,0.328987841,3.815999985,2.577153257,51.48179822,0.021868,89.07700348,0.6399779,0.17542792,4.649163397,2.912693015,14.42432133,1.803991821,Selva-1
8058,13.7509227,19.150058,67.0990193,156.8167229,0.142024302,2.934999943,2.566845721,61.09316256,0.09714,90.8259964,0.3549143,0.119582151,7.330937373,2.779661468,21.30533153,2.856010126,Selva-1
8096,74.43480124,25.46876674,0.096432015,152.8417278,0.390981936,2.881000042,2.52410716,60.55278882,0.045159,94.8259964,0.6236943,0.218070468,4.164957805,2.949161782,13.30524575,1.650071705,Selva-1
8145,52.96235679,46.32842335,0.709219858,135.8672595,0.322999466,4.074999809,2.582358684,52.61362811,0.019799,87.58999634,0.6398499,0.171399233,3.060031147,2.909675621,9.433250248,1.184975258,Selva-1
8180,59.54067396,40.45932604,0,142.4290816,0.344999999,3.377000093,2.532132606,56.24866617,0.051667,91.77899933,0.6514712,0.198333499,3.36903074,2.911184519,10.51767266,1.33051118,Selva-1
8217,32.98957998,23.4826512,43.52776883,73.02241256,0.157000005,15.23900032,2.612326581,27.95301824,0.036198,100.3830032,3.467894,0.096599003,5.768656163,2.784729688,16.62751577,2.208244638,Selva-1
8241,12.36749117,13.90941214,73.72309669,64.3919301,0.123999998,20.47999954,2.687728472,23.95775122,0.010302,57.38899994,1.752503,0.067150999,6.012533737,2.80921936,17.28734511,2.237031679,Selva-1
8252,18.30489818,64.78811227,16.90698954,110.3287021,0.165999994,13.65299988,2.570948295,42.91362153,0.082194,62.63600159,1.284368,0.124096997,4.001629279,2.793518562,11.67473275,1.556479875,Selva-1
8275,1.221995927,1.83299389,96.94501018,113.4598013,0.167009688,12.67599964,2.693700825,42.12041674,0.001729,70.30699921,2.943089,0.084369344,4.939854679,2.849764218,14.48652452,1.83385424,Selva-1
8308,11.2621998,28.67638996,60.06141024,119.6269196,0.181041357,8.824999809,2.63930139,45.32522131,0.031377,79.04100037,1.398727,0.106209179,4.211401858,2.834099602,12.37655827,1.595650225,Selva-1
8338,58.5814547,39.62143769,1.797107614,94.27831203,0.309012039,3.892999887,2.618103722,36.01015164,0.027323,79.3730011,0.04283684,0.16816752,3.602163587,2.945227868,11.23634188,1.37586741,Selva-1
8375,64.41470844,35.3894691,0.195822454,152.2230035,0.367996628,2.555999994,2.587643201,58.8268906,0.058753,91.47000122,0.1698474,0.213374814,4.261956797,3.018296933,13.88429498,1.647041909,Selva-1
8426,67.12111604,31.57894737,1.299936588,149.9672573,0.381960941,2.696000099,2.601730222,57.64135575,0.044409,89.14399719,0.110389,0.213184971,3.340459596,3.035713812,10.91029262,1.28393773,Selva-1
8443,62.23626432,36.70343794,1.06029774,148.6251116,0.346020589,3.002000093,2.59300122,57.31779469,0.061281,88.26300049,0.2097856,0.203650794,3.641010333,3.000380246,11.72766768,1.404168384,Selva-1
8530,72.68930063,26.29324194,1.017457427,151.5507581,0.386004012,2.969000101,2.555036306,59.31452235,0.074944,92.3710022,0.4860479,0.230474006,7.441751058,3.020771641,24.55889375,2.912581336,Selva-1
8548,64.49188542,25.72704498,9.7810696,112.3264941,0.347929806,5.211999893,2.522142358,44.53614355,0.105636,90.33999634,1.02994,0.226782903,4.399892251,2.968583421,14.20527716,1.744505911,Selva-1
10932.8,0.679189218,71.09200891,28.22880187,73.35189819,0.452899993,4.072199822,2.41139057,30.41892057,0.1481739,82.76393127,0,0.300536946,10.34679985,3.017820044,35.45563555,4.290802154,Oripaya-2
10936,0,44.77644257,55.22355743,142.7738953,0.224299997,8.907999992,2.603127,54.84707249,0.03245394,59.84293366,0,0.128376969,8.652799606,2.839243506,25.7681899,3.324002097,Oripaya-2
10937.4,0,94.1431441,5.856855904,170.8948059,0.140699998,24.94370079,2.646796334,64.56666262,0.006097956,56.72445679,0.7658354,0.073398977,8.63160038,2.777244243,24.61619206,3.261150195,Oripaya-2
10939.4,0,73.16738741,26.83261259,206.3049927,0.156499997,43.96269989,2.668302902,77.31693149,0.01789424,57.38427734,1.087993,0.087197118,7.486899853,2.827670503,21.83792191,2.805865798,Oripaya-2
10944.4,0,88.95238095,11.04761905,106.9032974,0.0436,99.97200012,2.642672009,40.45273006,0.0329828,58.96636581,1.968982,0.0382914,5.653299809,2.708076656,15.51475308,2.139236269,Oripaya-2
10946.8,2.34523558,84.91443059,12.74033383,131.6459045,0.041999999,150.4689941,2.639772385,49.87017262,0.03468978,55.15817642,2.198973,0.03834489,5.565100193,2.70515642,15.25643155,2.108174259,Oripaya-2
10947,0.676044052,66.88474539,32.43921056,131.6459045,0.041999999,150.4689941,2.639772385,49.87017262,0.03468978,55.15817642,2.198973,0.03834489,5.565100193,2.70515642,15.25643155,2.108174259,Oripaya-2
10947.5,6.920533577,60.51761487,32.56185156,135.6349945,0.0438,150.9526062,2.639375179,51.38905434,0.03492361,54.5823555,2.176014,0.039361805,5.637800217,2.706547988,15.46949635,2.13603593,Oripaya-2
11004.4,4.539600773,32.71088216,62.74951706,96.10250092,0.062600002,236.902298,2.667205507,36.0311572,0.01854028,58.54948807,2.799887,0.040570141,5.635499954,2.73770442,15.64549122,2.112885542,Oripaya-2
11006.3,0,89.62436767,10.37563233,52.06349945,0.0427,359.9570007,2.659620815,19.57553466,0.02300535,59.46374512,3.25342,0.032852675,5.03579998,2.715995869,13.83128688,1.893427797,Oripaya-2
11006.5,0,89.94301393,10.05698607,52.06349945,0.0427,359.9570007,2.659620815,19.57553466,0.02300535,59.46374512,3.25342,0.032852675,5.03579998,2.715995869,13.83128688,1.893427797,Oripaya-2
11010.3,1.346112427,77.06224424,21.59164333,54.10100174,0.064499997,391.2998047,2.655201371,20.37547974,0.02560695,59.87290192,3.354217,0.045053473,5.788499832,2.733292205,16.07116788,2.180060577,Oripaya-2
11013.3,1.230736301,78.95976027,19.80950342,113.8212967,0.079400003,119.1747971,2.649662183,42.95690877,0.02886778,60.02297592,2.189976,0.054133891,5.342199802,2.744075793,14.93653036,2.016181472,Oripaya-2
11015,0,35.71904868,64.28095132,108.3256989,0.058400001,109.9397965,2.651774491,40.85026808,0.02762439,59.55544281,2.08932,0.043012196,6.006800175,2.726014149,16.62212758,2.265200226,Oripaya-2
11016.4,0,78.61253197,21.38746803,61.36830139,0.043200001,180.2057037,2.658450518,23.08423684,0.02369421,59.68114471,2.581775,0.033447106,5.549499989,2.715840413,15.2462919,2.087494182,Oripaya-2
11016.5,4.123936286,61.85904429,34.01701942,61.36830139,0.043200001,180.2057037,2.658450518,23.08423684,0.02369421,59.68114471,2.581775,0.033447106,5.549499989,2.715840413,15.2462919,2.087494182,Oripaya-2
11018.3,0,98.87368421,1.126315789,83.18319702,0.051899999,89.30799866,2.644609463,31.45386802,0.03184229,61.15696716,1.957243,0.041871145,5.243000031,2.716480465,14.44978079,1.982523357,Oripaya-2
11019.5,0,17.76900296,82.23099704,91.67690277,0.094800003,38.79240036,2.629413461,34.86591369,0.04078801,61.60950089,1.156412,0.067794006,5.613399983,2.747911376,15.79699398,2.134848728,Oripaya-2
11022.2,0,89.8628692,10.1371308,61.04109955,0.062799998,71.84130096,2.625425055,23.24998744,0.04313584,60.33663178,1.705665,0.052967919,5.49639988,2.71633579,15.20951854,2.093527625,Oripaya-2
11023.9,2.643077907,90.85580305,6.501119045,48.92829895,0.045600001,243.9857025,2.635156005,18.56751512,0.03740745,59.18669891,2.857812,0.041503725,5.256800175,2.705959687,14.43066296,1.994872473,Oripaya-2
11025.8,0,76.19099295,23.80900705,60.7419014,0.0493,229.6445007,2.629161932,23.10314198,0.04093608,60.20916748,2.844523,0.04511804,5.406700134,2.706139607,14.86312628,2.056434816,Oripaya-2
11026.5,3.068133728,74.86246297,22.0694033,65.23500061,0.0517,204.7691956,2.625808322,24.84377861,0.04291029,60.81762314,2.759194,0.047305145,5.243000031,2.706536267,14.42587883,1.996718491,Oripaya-2
11027.8,0,61.56747695,38.43252305,82.34909821,0.0757,77.8003006,2.605440291,31.60659582,0.05490056,63.42338944,1.924173,0.06530028,5.512000084,2.717600056,15.32956163,2.115573365,Oripaya-2
11029.2,0,10.1046401,89.8953599,80.55619812,0.087499999,34.96630096,2.588526622,31.12048276,0.06485738,65.80960846,1.244651,0.076178689,5.258699894,2.719517188,14.69352912,2.031541746,Oripaya-2
11031.7,13.35421094,40.96857175,45.67721731,119.1913986,0.242899999,9.812000275,2.55660877,46.62089876,0.08364707,69.81668091,0.1746996,0.163273535,8.331999779,2.860355605,25.36076939,3.259004615,Oripaya-2
11033.6,0,4.148053606,95.85194639,74.79750061,0.097300001,45.8995018,2.571717014,29.08465441,0.07475301,67.74719238,1.600529,0.086026505,5.782000065,2.719652729,16.22219329,2.248303383,Oripaya-2
11036.4,0,97.25738397,2.742616034,113.3812027,0.077399999,230.6098023,2.598063845,43.64065299,0.05924296,61.28759003,2.897573,0.068321479,5.400499821,2.715252428,15.02308176,2.078663245,Oripaya-2
11036.6,0,95.52412119,4.475878813,113.3812027,0.077399999,230.6098023,2.598063845,43.64065299,0.05924296,61.28759003,2.897573,0.068321479,5.400499821,2.715252428,15.02308176,2.078663245,Oripaya-2
11039.7,4.320460849,79.13377427,16.54576488,132.2635956,0.054299999,483.4318848,2.613624155,50.60543818,0.05008292,57.70542145,3.464163,0.05219146,5.056499958,2.70247902,13.91599056,1.934669891,Oripaya-2
11041.2,2.08913649,72.49839297,25.41247054,79.17630005,0.0429,715.166687,2.620540522,30.21372857,0.04601127,56.42834473,3.791964,0.044455635,4.07460022,2.695934361,11.15115902,1.554870144,Oripaya-2
11043.8,0,90.42541961,9.574580386,90.9434967,0.041999999,640.190979,2.623551079,34.66427524,0.04423902,54.91090012,3.614044,0.04311951,5.649700165,2.69671249,15.46767581,2.153455372,Oripaya-2
11047.4,0,54.63114239,45.36885761,68.63189697,0.040199999,557.8731079,2.626321896,26.13232486,0.04260797,60.70614624,3.741351,0.041403984,4.447899818,2.69656651,12.16457663,1.693585171,Oripaya-2
11050,5.344111373,40.04715392,54.6087347,102.6288986,0.065800004,367.0578919,2.61754139,39.20812829,0.04777691,62.76077652,3.422218,0.056788457,5.685299873,2.714929595,15.74738309,2.17199999,Oripaya-2
11054,0,97.95961296,2.040387042,67.68070221,0.086400002,126.778801,2.591254789,26.11889132,0.06325145,63.77045441,2.42089,0.074825726,5.264100075,2.719951401,14.70340459,2.031486868,Oripaya-2
11058.3,0,96.28694646,3.713053539,176.8347015,0.0801,340.3181152,2.594737318,68.15129235,0.06120131,63.54294586,3.383194,0.070650655,5.172599793,2.715971853,14.40385411,1.993496512,Oripaya-2
12544,0,93.18229715,6.817702845,89.78649902,0.36500001,55.61660004,2.54266439,35.31197407,0.06883299,70.12267304,2.233212,0.2169165,8.267399788,2.969987096,26.70566394,3.251471102,Oripaya-2
70,45.41570818,40.56304086,14.02125096,77.351,0.31,0.4445509,2.454887,31.50898595,0.1223987,96.92985,0.8268666,0.21619935,8.792,2.856195195,27.39888877,3.581427577,Petrolea-231
100,43.91255605,51.132287,4.955156951,71.751,0.31,0.4548233,2.505518,28.63719199,0.09185774,83.92593,0.7310039,0.20092887,13.598,2.884085088,42.51132102,5.427221038,Petrolea-231
130,31.06241067,63.14911863,5.7884707,75.118,0.302,0.4137339,2.517782,29.83498969,0.08446027,81.18908,0.4913473,0.193230135,13.459,2.881307255,41.88333543,5.345577973,Petrolea-231
160,10.51490515,33.75609756,55.72899729,185.623,0.141,95.487,2.575123,72.08315875,0.07176415,69.99256,1.997751,0.106382075,3.96,2.76263586,11.35193885,1.537790622,Petrolea-231
180,17.3074729,51.12378779,31.5687393,154.176,0.146,98.657,2.540851,60.67888278,0.09196109,70.38412,2.047681,0.118980545,3.722,2.748940947,10.66668516,1.464863544,Petrolea-231
220,5.937936218,24.72887362,69.33319016,128.048,0.12,86.693,2.524975,50.71258131,0.1013169,68.84267,1.850423,0.11065845,3.682,2.714723663,10.39154049,1.45823226,Petrolea-231
240,3.427441503,31.56102384,65.01153466,101.335,0.089,139.745,2.598784,38.99323684,0.05782041,67.25948,2.248892,0.073410205,4.254,2.72544961,11.89147786,1.636919421,Petrolea-231
290,3.88391883,23.89264674,72.22343443,222.03,0.129,26.173,2.542067,87.34230844,0.09124468,72.30392,0.8277494,0.11012234,4.051,2.732897756,11.51040498,1.593585063,Petrolea-231
300,26.28755365,17.65617549,56.05627086,29.707,0.039,354.862,2.663868,11.15182884,0.003850696,72.36117,1.705988,0.021425348,4.717,2.700297465,12.82963201,1.770733385,Petrolea-231
310,6.906398731,2.633527234,90.46007403,36.707,0.023,327.379,2.653444,13.8337195,0.01009172,58.75941,1.009599,0.01654586,4.781,2.681261924,12.8911378,1.801809271,Petrolea-231
320,2.589473684,1.947368421,95.46315789,20.102,0.036,216.913,2.649454,7.587223632,0.01248033,55.93058,0.4758338,0.024240165,4.802,2.69043031,13.02631813,1.812448905,Petrolea-231
330,3.008155916,1.906577693,95.08526639,43.52,0.043,128.132,2.649961,16.4228832,0.01217672,59.27277,0.1089002,0.02758836,4.948,2.696772161,13.46982318,1.867197291,Petrolea-231
340,68.14949101,31.27876168,0.571747316,166.764,0.435,3.977,2.521979,66.12426194,0.07758863,120.3967,0.6685722,0.256294315,3.013,3.046480255,10.04506987,1.194696704,Petrolea-231
360,44.62717942,20.04451589,35.32830469,21.595,0.03,210.175,2.666012,8.100113578,0,51.80178,1.429479,0.015,4.981,2.691382741,13.47401601,1.868333676,Petrolea-231
400,67.82782339,30.63013091,1.542045707,164.46,0.374,5.234,2.453398,67.03355917,0.1191526,117.9181,1.253039,0.2465763,2.728,2.929057979,8.719637561,1.111927213,Petrolea-231
420,34.24805532,12.22990493,53.52203976,56.731,0.033,1381.27,2.702863,20.98922513,0,56.8063,1.160768,0.0165,4.81,2.731431622,13.21049418,1.779594452,Petrolea-231
430,22.09567198,12.55016813,65.35415989,85.377,0.095,61.075,2.555098,33.41437393,0.06785462,67.06612,0.6830725,0.08142731,3.787,2.692950397,10.48958082,1.482134932,Petrolea-231
440,10.71889798,32.78088678,56.50021524,115.095,0.213,15.049,2.405642,47.84377725,0.1574407,95.20771,1.039359,0.18522035,2.384,2.725180544,6.925112026,0.991003649,Petrolea-231
450,25.84638983,61.12632848,13.02728169,170.612,0.285,7.86,2.519329,67.72120672,0.07566545,106.2736,0.7965402,0.180332725,2.575,2.853592362,7.804515329,1.022097551,Petrolea-231
490,43.77880184,43.95863774,12.26256041,129.803,0.287,14.619,2.51618,51.58732682,0.07758083,98.95422,1.282177,0.182290415,2.612,2.854179073,7.92593981,1.038081536,Petrolea-231
520,55.21513854,40.71863032,4.066231133,155.62,0.415,4.812,2.422003,64.25260415,0.1348767,130.7916,0.6483499,0.27493835,2.943,2.961216677,9.641229341,1.215109973,Petrolea-231
540,63.62429472,34.76048235,1.615222923,156.331,0.376,7.898,2.49122,62.75278779,0.09276596,123.576,0.8019475,0.23438298,2.574,2.947736219,8.222399223,1.033228699,Petrolea-231
550,61.42042964,31.7295046,6.850065761,151.453,0.307,11.652,2.514468,60.23262177,0.07862258,107.5361,0.4727428,0.19281129,2.543,2.876225449,7.802247976,1.011347132,Petrolea-231
560,60.31242925,35.3973285,4.290242246,157.623,0.268,11.081,2.520302,62.54131449,0.0750735,111.5578,0.5997598,0.17153675,2.603,2.835086831,7.815165888,1.032812734,Petrolea-231
570,60.54861731,35.26984835,4.181534344,154.927,0.324,11.346,2.506486,61.810439,0.08347856,117.7325,0.8896182,0.20373928,2.76,2.891950667,8.560050181,1.101143194,Petrolea-231
580,66.07998218,29.64241952,4.277598307,160.683,0.362,4.668,2.515578,63.87518097,0.07794723,135.5667,0.8267129,0.219973615,3.175,2.942982993,10.09834218,1.262135382,Petrolea-231
610,70.74061773,25.55075833,3.708623934,145.138,0.388,11.258,2.466028,58.85496839,0.1080924,128.3573,1.342775,0.2480462,2.58,2.949625097,8.296160136,1.046216831,Petrolea-231
620,73.43801836,25.61096981,0.951011832,149.664,0.364,5.29,2.467113,60.66361776,0.1074324,120.9202,0.3096471,0.2357162,2.757,2.919591911,8.745406407,1.117500496,Petrolea-231
650,63.26001128,34.32600113,2.413987592,143.418,0.401,7.029,2.42429,59.15876401,0.1334854,154.9856,2.053564,0.2672427,2.524,2.943740444,8.168170566,1.041129568,Petrolea-231
680,70.1642533,28.35530581,1.48044089,154.367,0.365,5.122,2.443595,63.17208866,0.1217407,139.9706,1.104931,0.24337035,2.711,2.907928139,8.594562571,1.109430982,Petrolea-231
700,77.96720599,19.22032794,2.812466066,157.929,0.388,9.079,2.4127,65.45737141,0.1405366,142.0927,1.735627,0.2642683,2.673,2.920129308,8.586027964,1.107887429,Petrolea-231
710,73.12257229,22.31333621,4.564091498,152.44,0.442,5.091,2.404959,63.38569597,0.1452462,150.2733,1.545747,0.2936231,2.617,2.988965098,8.702105283,1.088168239,Petrolea-231
720,78.23406364,16.89970274,4.866233623,144.3,0.408,9.186,2.431118,59.35540768,0.1293316,144.1039,1.833822,0.2686658,2.918,2.956859121,9.516400879,1.200270822,Petrolea-231
740,64.39003436,14.06786942,21.54209622,53.518,0.196,49.64,2.468597,21.6795208,0.1122013,117.2625,1.5857,0.15410065,4.147,2.736136811,12.01114699,1.67990158,Petrolea-231
750,52.31550987,30.22288948,17.46160065,136.951,0.291,10.744,2.50678,54.63223737,0.08911885,115.8799,1.408129,0.190059425,2.592,2.860358706,7.904955308,1.033995803,Petrolea-231
780,59.93817266,27.14678269,12.91504465,154.357,0.385,4.291,2.488194,62.03575766,0.1003544,131.7073,1.230303,0.2426772,2.822,2.965072225,9.111497591,1.134155938,Petrolea-231
810,67.42154271,30.38280262,2.195654673,155.314,0.368,4.271,2.532828,61.3203897,0.07044973,107.4796,0.6144264,0.219224865,3.006,2.963213134,9.611049583,1.186815686,Petrolea-231
840,73.28662141,25.68425662,1.029121962,153.295,0.354,4.168,2.539959,60.35333641,0.06612537,108.2185,0.4323127,0.210062685,2.928,2.949469877,9.281709409,1.152774513,Petrolea-231
870,75.54845111,23.60268989,0.848859001,151.8,0.357,3.879,2.515986,60.334199,0.08066356,124.152,0,0.21883178,2.905,2.940665226,9.216354756,1.154616918,Petrolea-231
940,73.60134003,25.73981016,0.658849805,154.541,0.404,3.258,2.496511,61.90279154,0.09247374,136.7377,0.3223159,0.24823687,2.924,2.990668257,9.545133889,1.171234575,Petrolea-231
980,74.79325174,23.81739993,1.389348329,145.557,0.388,3.928,2.502252,58.1704001,0.08899216,117.934,0,0.23849608,2.762,2.97274362,8.919155641,1.103805692,Petrolea-231
1020,59.0816787,29.7833935,11.1349278,136.498,0.148,120.509,2.535579,53.83306929,0.08471157,92.0657,2.651075,0.116355785,4.365,2.737779724,12.45934082,1.721500296,Petrolea-231
1030,78.26616475,18.44552702,3.288308237,143.265,0.331,8.128,2.487228,57.60026825,0.1135316,117.2792,1.206168,0.2222658,3.172,2.912257427,10.00130162,1.275315331,Petrolea-231
1040,41.06610749,21.49873082,37.43516168,156.626,0.271,13.42,2.475314,63.27520468,0.1206329,103.4022,1.07664,0.19581645,2.728,2.834548841,8.275161021,1.102082402,Petrolea-231
1070,40.78155174,35.64693854,23.57150971,124.833,0.105,169.05,2.638463,47.31277263,0.0233871,65.79787,1.831152,0.06419355,3.275,2.750856708,9.199412496,1.241252957,Petrolea-231
1080,52.15434807,29.00213747,18.84351446,151.786,0.144,135.172,2.61745,57.99002846,0.03591243,69.07157,1.762556,0.089956215,3.521,2.777332065,10.0776067,1.345202392,Petrolea-231
1100,39.33091229,34.91801475,25.75107296,111.983,0.156,96.34,2.595749,43.14092002,0.04884746,80.01496,1.918123,0.10242373,3.367,2.777842233,9.680152326,1.297120792,Petrolea-231
1110,43.11012728,35.93801882,20.9518539,189.863,0.238,62.665,2.543589,74.64374158,0.07993723,76.61422,1.365969,0.158968615,3.184,2.835352435,9.535081819,1.251774559,Petrolea-231
1120,33.58554489,32.59175607,33.82269904,187.875,0.222,90.481,2.532397,74.18860471,0.0866086,87.07394,2.165014,0.1543043,2.96,2.811995733,8.77235508,1.168853067,Petrolea-231
1130,32.78595696,38.17667044,29.03737259,135.557,0.212,59.23,2.562171,52.90708544,0.06886128,92.79984,2.01441,0.14043064,3.376,2.817387953,9.981363198,1.317632586,Petrolea-231
1160,34.55334297,28.20113472,37.24552231,158.583,0.198,69.977,2.612817,60.69426217,0.06812587,79.25776,1.584409,0.133062935,4.086,2.860362263,12.23784196,1.563829384,Petrolea-231
606.3,89.52722063,7.306590258,3.166189112,170.5619965,0.26699999,7.058400154,2.543600082,67.05535105,,73.46040344,0,0.14839026,4.254799843,2.812567435,12.62117328,1.672747171,Petrolea-224
607.6,1.726315789,0.736842105,97.53684211,109.186203,0.145300001,11.05910015,2.567399979,42.52792861,,74.35119629,0,0.086254105,4.483300209,2.715356521,12.54976671,1.74624143,Petrolea-224
658.5,6.526411039,89.74097953,3.732609433,103.3970032,0.173899993,14.5486002,2.490999937,41.50823195,,82.31690216,0,0.125969117,2.851399899,2.705889306,8.054466431,1.144680839,Petrolea-224
661.5,8.684672815,90.78831796,0.527009223,103.3621979,0.188700005,11.06280041,2.449500084,42.19726244,,84.79889679,0,0.144568403,2.751699925,2.694466382,7.794901446,1.123372047,Petrolea-224
662.1,8.229284904,91.05561862,0.715096481,106.1880035,0.181400001,11.23340035,2.441900015,43.48581141,,83.79750061,0,0.144051951,2.734699965,2.68456487,7.717568739,1.119906609,Petrolea-224
664.17,9.015367103,89.41377348,1.570859419,121.4817963,0.182999998,10.01490021,2.450099945,49.58238398,,87.55059815,0,0.139862279,2.630199909,2.685892747,7.410814988,1.073507191,Petrolea-224
665.67,10.79184764,87.97193451,1.236217842,127.0628967,0.183799997,9.772500038,2.483200312,51.16900805,,89.47540283,0,0.129437394,2.723599911,2.703726189,7.69447872,1.096810393,Petrolea-224
670.8,28.38681415,69.46665206,2.146533786,161.9886017,0.231399998,10.55300045,2.585299969,62.65756533,,87.32711029,0,0.125333614,3.039000034,2.812462436,8.910894498,1.175492233,Petrolea-224
737.9,67.21275903,32.52685256,0.260388413,143.6080017,0.3583,5.135099888,2.457499981,58.43662373,,107.3040009,0,0.205958435,2.952500105,2.835546205,9.008079742,1.201424264,Petrolea-224
748.6,1.763385701,0.181682163,98.05493214,33.02740097,0.0174,222.579895,2.706957559,12.20093047,,55.37310028,1.262417,0.0087,5.176300049,2.721938424,14.13061086,1.912220615,Petrolea-224
752,33.00646552,65.25862069,1.734913793,162.7124023,0.271299988,5.524700165,2.580046912,63.06567588,,102.4283905,0.8018659,0.143649504,3.265799999,2.845093708,9.755459349,1.265790937,Petrolea-224
757.08,49.6619809,50.3380191,0,171.6307068,0.296000004,5.94960022,2.55735593,67.11256136,,102.7086029,1.010832,0.157743617,2.842200041,2.84902835,8.53617196,1.111382271,Petrolea-224
759.8,44.17465157,54.17029617,1.655052265,172.4197998,0.342999995,4.812399864,2.544984713,67.74885479,,100.8908005,0.8669919,0.181432572,2.809099913,2.887425105,8.622869432,1.103778698,Petrolea-224
765.1,38.50736568,59.9220104,1.570623917,163.1333008,0.280200005,7.53730011,2.547377305,64.03970879,,99.73390198,1.310918,0.153319312,2.852299929,2.827580725,8.491069365,1.119700613,Petrolea-224
765.21,32.68698061,66.13850416,1.174515235,163.1333008,0.280200005,7.53730011,2.547377305,64.03970879,,99.73390198,1.310918,0.153319312,2.852299929,2.827580725,8.491069365,1.119700613,Petrolea-224
767.5,39.74664357,58.315288,1.938068428,168.6067047,0.308899999,6.569600105,2.529841111,66.64715185,,105.327301,1.273696,0.168040954,2.822000027,2.838841851,8.480214553,1.115485085,Petrolea-224
771.2,32.04045343,67.50388975,0.455656813,157.3890076,0.292499989,7.518499851,2.567995869,61.28865294,,101.2587967,1.187214,0.156142005,2.953500032,2.858127644,8.895459807,1.150118685,Petrolea-224
777.5,55.54691838,44.00888395,0.444197668,175.4358063,0.306699991,6.059500217,2.539164267,69.09194832,,102.6751022,1.136409,0.164747006,2.982399941,2.842752168,8.967857529,1.174559669,Petrolea-224
782.3,46.3747387,53.1961712,0.429090109,167.5144043,0.336400002,5.807700157,2.519043008,66.49922363,,105.4570999,1.211318,0.182442396,2.80430007,2.858025661,8.528978571,1.113240251,Petrolea-224
785,1.563986051,0.750290606,97.68572334,82.29129791,0.193700001,12.21539974,2.516027137,32.70684036,,100.8367004,1.987992,0.124972165,3.549799919,2.732547328,10.13557111,1.410875053,Petrolea-224
791,65.48702019,34.40204127,0.11093854,125.9978027,0.325300008,9.078100205,2.540678189,49.59219286,,101.2070007,1.540146,0.178173504,2.913399935,2.874700069,8.898380562,1.146701675,Petrolea-224
797.58,71.9055464,28.0944536,0,172.379303,0.3838,7.413300037,2.510457271,68.66450385,,100.6941986,1.510928,0.20524327,2.838799954,2.900527815,8.838005499,1.13078999,Petrolea-224
799.5,65.28554204,34.01293434,0.701523622,173.7299957,0.371499986,6.314499855,2.551616642,68.08624496,,103.4470978,1.105317,0.193567983,2.786099911,2.924051388,8.695432172,1.091895963,Petrolea-224
812.5,77.26769912,22.32300885,0.409292035,172.6204987,0.428600013,3.400000095,2.535113263,68.09182896,,112.9750977,0.5703617,0.220720477,2.980099917,2.969913512,9.553094058,1.175529299,Petrolea-224
823.79,77.92687018,21.86067315,0.21245667,131.8213043,0.272599995,15.26229954,2.620832367,50.29749555,,105.0226059,1.599469,0.13944668,3.447400093,2.883476977,10.41810448,1.315383668,Petrolea-224
834.92,83.47278062,16.52721938,0,174.1110992,0.40290001,4.345099926,2.515664059,69.21079092,,112.1022034,0.9350118,0.210922025,3.028899908,2.92080391,9.522802391,1.204016052,Petrolea-224
835.7,80.52061687,18.36377557,1.115607569,176.4508972,0.422199994,4.374800205,2.516862947,70.10747146,,111.8335037,0.9349207,0.219116022,3.104500055,2.942494647,9.865797437,1.233479979,Petrolea-224
838.1,78.7452264,21.04746318,0.20731042,174.991394,0.407700002,3.931999922,2.533026643,69.08391371,,113.0459976,0.7310142,0.210893121,3.101300001,2.942736382,9.821519971,1.224345591,Petrolea-224
843.11,66.99093522,11.39730268,21.6117621,120.549202,0.324999988,7.258999825,2.626757485,45.89277947,,88.15609741,0.806077,0.164846934,4.254000187,2.94785549,13.28116224,1.619487224,Petrolea-224
1026.8,36.88073394,11.62439288,51.49487318,33.47230148,0.064900003,109.9087982,2.690787174,12.43959456,,74.90385437,1.94394,0.032450002,4.916999817,2.747493336,13.65756298,1.827346237,Petrolea-224
1029,72.59225923,26.50765077,0.900090009,36.01660156,0.068800002,69.65480042,2.703260028,13.32339516,,74.26262665,1.486899,0.034400001,4.65019989,2.76393955,13.00072442,1.720219233,Petrolea-224
1040.2,25.90782898,69.87229317,4.219877846,123.3307037,0.265700012,4.159900188,2.556600094,48.24012329,,86.69840241,0,0.148760481,3.112900019,2.828627618,9.261858813,1.217593642,Petrolea-224
1066.5,70.89941097,28.17172633,0.92886271,113.0457993,0.232299998,9.848199844,2.624417634,43.07462265,,83.73619843,0.05638812,0.120941296,3.800800085,2.847905751,11.278446,1.448245141,Petrolea-224
1069.1,74.62895875,23.64146313,1.729578123,130.9933929,0.286300004,8.73789978,2.634457659,49.72309671,,92.92160797,0.3419135,0.145470161,3.599299908,2.91269817,11.01128094,1.366239422,Petrolea-224
1071.8,63.09807933,34.74258438,2.159336288,132.290802,0.320100009,5.785099983,2.566600084,51.543208,,87.25229645,0,0.171743305,3.685800076,2.891442705,11.31787184,1.436063257,Petrolea-224
1073.9,70.67541577,26.23599955,3.088584682,38.94070053,0.093099996,37.15499878,2.667792685,14.59659918,,76.50443268,0.9926028,0.046549998,4.752299786,2.749218818,13.27272073,1.781360228,Petrolea-224
1079.8,71.96882879,24.54732982,3.483841394,157.1578064,0.371899992,4.8052001,2.580781485,60.89543316,,100.2155991,0.09527049,0.191337006,3.207900047,2.954808736,10.11944482,1.242995607,Petrolea-224
1297.5,63.97563677,19.09191584,16.9324474,137.7962036,0.273600012,16.36219978,2.583181739,53.3435962,,94.2437973,2.162027,0.148894496,3.397799969,2.860147457,10.22515721,1.315354594,Petrolea-224
1299.42,51.44887917,38.9393111,9.611809732,117.3044968,0.246199995,18.37190056,2.623059297,44.7204899,,94.51820374,2.282949,0.130471903,3.95630002,2.866597873,11.85973591,1.508277005,Petrolea-224
1301.67,56.47097698,36.33660095,7.192422073,151.6934967,0.313300014,14.33259964,2.552388673,59.43197377,,100.5836029,2.312158,0.169676672,3.131000042,2.869619485,9.522423902,1.226694067,Petrolea-224
1307.25,52.42456897,42.90948276,4.665948276,154.3294983,0.279900014,15.19799995,2.543185638,60.68353642,,101.9740982,2.427599,0.155957802,3.163500071,2.828327591,9.439562459,1.243912369,Petrolea-224
1309.5,45.40754592,43.96656033,10.62589374,151.9588013,0.283600003,16.1814003,2.551066981,59.56676261,,98.3862915,2.331108,0.157120771,3.083199978,2.840200741,9.238440109,1.208592327,Petrolea-224
1311.1,60.43871252,30.64373898,8.917548501,146.6885071,0.2843,21.11149979,2.570642606,57.06297201,,91.00279236,2.261401,0.155802575,3.30340004,2.86051575,9.966815045,1.28504835,Petrolea-224
1326.4,50.78511035,31.20676403,18.00812562,115.3749008,0.100699998,42.92539978,2.628672965,43.89092989,,64.26860046,0.8689065,0.061167369,4.410600185,2.734785213,12.31682986,1.677880909,Petrolea-224
1369,24.70786517,62.2247191,13.06741573,160.2438965,0.153400004,199.3305054,2.644843373,60.58729152,,68.70629883,2.506349,0.082004517,3.802400112,2.791777197,10.91045726,1.437665516,Petrolea-224
1375.2,18.69351333,51.75609198,29.55039469,127.7111969,0.193700001,98.4937973,2.571042521,49.67292289,,73.96779633,2.070916,0.116633625,3.048500061,2.778472179,8.80665904,1.185705812,Petrolea-224
1384.67,41.79331307,44.35518888,13.85149805,194.3376007,0.287299991,60.73949814,2.583163231,75.23241211,,82.29979706,1.977088,0.149981155,3.606600046,2.862503685,10.87204843,1.396195178,Petrolea-224
1395.4,27.7222343,56.17257118,16.10519452,141.5283966,0.229699999,218.0326996,2.577965838,54.89925217,,77.46730042,2.970459,0.13041925,3.320199966,2.814628298,9.768100844,1.287914649,Petrolea-224
1400.33,20.79863335,54.75122785,24.4501388,141.9913025,0.194299996,162.1891937,2.618897486,54.21796892,,73.11206055,2.503236,0.106539233,3.751600027,2.811940206,10.93700655,1.432511218,Petrolea-224
1413.4,30.78216047,43.26535186,25.95248767,149.091507,0.165800005,242.9635925,2.587312682,57.62407768,,74.09114838,2.926027,0.099499308,3.857399941,2.762700123,11.02780954,1.490890517,Petrolea-224
1471,3.197026022,95.88953797,0.913436006,49.68000031,0.151600003,38.85860062,2.525526864,19.67114309,,74.99056244,1.239929,0.112305572,3.704699993,2.718527024,10.47676573,1.466901836,Petrolea-224
1491,1.133234484,50.900233,47.96653251,49.68000031,0.151600003,38.85860062,2.525526864,19.67114309,,74.99056244,1.239929,0.112305572,3.704699993,2.718527024,10.47676573,1.466901836,Petrolea-224
1520.9,35.6202209,64.09303314,0.286745964,49.68000031,0.151600003,38.85860062,2.525526864,19.67114309,,74.99056244,1.239929,0.112305572,3.704699993,2.718527024,10.47676573,1.466901836,Petrolea-224
1550.3,59.53849426,37.10123352,3.360272225,49.68000031,0.151600003,38.85860062,2.525526864,19.67114309,,74.99056244,1.239929,0.112305572,3.704699993,2.718527024,10.47676573,1.466901836,Petrolea-224
1568.1,10.20607375,86.77874187,3.015184382,49.68000031,0.151600003,38.85860062,2.525526864,19.67114309,,74.99056244,1.239929,0.112305572,3.704699993,2.718527024,10.47676573,1.466901836,Petrolea-224
1580.8,79.22725825,17.40791848,3.364823267,49.68000031,0.151600003,38.85860062,2.525526864,19.67114309,,74.99056244,1.239929,0.112305572,3.704699993,2.718527024,10.47676573,1.466901836,Petrolea-224
1602.6,2.929895589,33.34753889,63.72256552,49.68000031,0.151600003,38.85860062,2.525526864,19.67114309,,74.99056244,1.239929,0.112305572,3.704699993,2.718527024,10.47676573,1.466901836,Petrolea-224
1606.3,67.82833172,20.77014091,11.40152737,49.68000031,0.151600003,38.85860062,2.525526864,19.67114309,,74.99056244,1.239929,0.112305572,3.704699993,2.718527024,10.47676573,1.466901836,Petrolea-224
1611.7,88.18013303,11.16563079,0.654236179,49.68000031,0.151600003,38.85860062,2.525526864,19.67114309,,74.99056244,1.239929,0.112305572,3.704699993,2.718527024,10.47676573,1.466901836,Petrolea-224
